Hotel_ID,Hotel_Name,City,Hotel_Type,Star_Rating,Rooms,Base_Room_Rate
160001,Hotel_0,Delhi,Boutique,4,745,38360.28
160002,Hotel_1,Dubai,Budget,2,940,12107.62
160003,Hotel_2,Goa,Business,5,880,37153.2
160004,Hotel_3,Bengaluru,Resort,3,899,39267.17
160005,Hotel_4,Delhi,Business,2,30,40913.32
160006,Hotel_5,London,Business,4,54,21660.39
160007,Hotel_6,Goa,Boutique,4,825,11659.32
160008,Hotel_7,Goa,Business,4,793,12638.45
160009,Hotel_8,Singapore,Business,4,250,12197.84
160010,Hotel_9,Goa,Resort,4,321,5387.7
160011,Hotel_10,Mumbai,Resort,3,209,1750.58
160012,Hotel_11,Goa,Boutique,4,152,42136.22
160013,Hotel_12,Bengaluru,Boutique,5,543,25006.13
160014,Hotel_13,Jaipur,Resort,3,1159,48850.13
160015,Hotel_14,Mumbai,Resort,2,78,22216.86
160016,Hotel_15,Goa,Business,3,755,21447.1
160017,Hotel_16,London,Boutique,4,691,5605.83
160018,Hotel_17,Jaipur,Business,3,170,49522.38
160019,Hotel_18,Jaipur,Budget,4,945,44760.79
160020,Hotel_19,Mumbai,Luxury,4,954,11711.5
160021,Hotel_20,Jaipur,Resort,5,1069,37273.17
160022,Hotel_21,Dubai,Budget,4,992,34925.86
160023,Hotel_22,Mumbai,Boutique,2,688,37228.56
160024,Hotel_23,Singapore,Budget,4,1051,46352.88
160025,Hotel_24,Jaipur,Luxury,4,1102,49920.2
160026,Hotel_25,Singapore,Resort,5,127,22843.4
160027,Hotel_26,Singapore,Boutique,3,382,38860.96
160028,Hotel_27,Goa,Boutique,2,95,48153.87
160029,Hotel_28,Jaipur,Resort,3,225,20233.67
160030,Hotel_29,Bengaluru,Budget,2,737,32856.02
160031,Hotel_30,Goa,Business,2,48,2443.62
160032,Hotel_31,Goa,Boutique,5,944,28245.95
160033,Hotel_32,Dubai,Boutique,3,306,8215.34
160034,Hotel_33,Mumbai,Luxury,4,876,26536.03
160035,Hotel_34,Singapore,Resort,5,965,2766.27
160036,Hotel_35,Mumbai,Boutique,2,159,6983.79
160037,Hotel_36,Dubai,Luxury,4,345,27788.36
160038,Hotel_37,Dubai,Business,2,786,2206.49
160039,Hotel_38,Singapore,Budget,2,777,31047.97
160040,Hotel_39,Dubai,Luxury,2,904,6570.27
160041,Hotel_40,Bengaluru,Luxury,4,181,47673.63
160042,Hotel_41,Mumbai,Luxury,4,734,37074.62
160043,Hotel_42,Jaipur,Business,3,1090,29634.33
160044,Hotel_43,Singapore,Resort,2,824,5691.01
160045,Hotel_44,Singapore,Boutique,4,541,29106.87
160046,Hotel_45,Bengaluru,Luxury,3,176,22575.65
160047,Hotel_46,Singapore,Boutique,3,930,33552.25
160048,Hotel_47,Dubai,Business,4,929,38203.85
160049,Hotel_48,Goa,Business,4,840,7126.6
160050,Hotel_49,Mumbai,Resort,3,394,26799.2
160051,Hotel_50,Dubai,Luxury,4,818,25483.6
160052,Hotel_51,Dubai,Business,3,1087,27920.86
160053,Hotel_52,Jaipur,Budget,4,21,38844.34
160054,Hotel_53,Jaipur,Boutique,3,679,34727.69
160055,Hotel_54,Bengaluru,Budget,4,149,3631.25
160056,Hotel_55,Mumbai,Resort,2,1165,38045.53
160057,Hotel_56,Jaipur,Resort,4,1141,18666.76
160058,Hotel_57,Jaipur,Business,4,666,19253.38
160059,Hotel_58,Singapore,Budget,2,116,5540.11
160060,Hotel_59,Bengaluru,Business,3,109,14454.39
160061,Hotel_60,Mumbai,Business,5,876,26902.79
160062,Hotel_61,Bengaluru,Resort,4,232,24448.09
160063,Hotel_62,Mumbai,Luxury,2,183,12801.82
160064,Hotel_63,Goa,Budget,5,510,41921.21
160065,Hotel_64,Dubai,Resort,4,824,21906.36
160066,Hotel_65,Mumbai,Business,5,386,3835.24
160067,Hotel_66,London,Resort,2,135,8302.35
160068,Hotel_67,Jaipur,Resort,2,1120,12117.43
160069,Hotel_68,Jaipur,Luxury,5,674,33537.27
160070,Hotel_69,Goa,Business,5,193,49990.67
160071,Hotel_70,Delhi,Budget,3,552,42419.57
160072,Hotel_71,Goa,Budget,4,465,1405.07
160073,Hotel_72,Mumbai,Luxury,2,979,1215.59
160074,Hotel_73,Dubai,Budget,2,261,2168.51
160075,Hotel_74,Goa,Boutique,3,446,26297.16
160076,Hotel_75,Bengaluru,Business,4,590,7709.15
160077,Hotel_76,London,Budget,3,545,2192.41
160078,Hotel_77,Jaipur,Budget,2,463,13931.61
160079,Hotel_78,Delhi,Business,3,525,44882.15
160080,Hotel_79,Bengaluru,Boutique,4,827,9749.85
160081,Hotel_80,Goa,Business,3,406,16389.75
160082,Hotel_81,Bengaluru,Budget,2,617,23797.01
160083,Hotel_82,Delhi,Boutique,4,91,23060.62
160084,Hotel_83,Dubai,Resort,4,1048,4150.3
160085,Hotel_84,Singapore,Budget,5,139,36650.02
160086,Hotel_85,London,Budget,5,370,14608.3
160087,Hotel_86,Bengaluru,Business,3,273,14787.05
160088,Hotel_87,Delhi,Budget,4,451,31533.71
160089,Hotel_88,Singapore,Budget,2,552,41820.55
160090,Hotel_89,Dubai,Boutique,3,971,5077.3
160091,Hotel_90,Jaipur,Luxury,3,1032,25018.57
160092,Hotel_91,Delhi,Business,4,549,30733.69
160093,Hotel_92,Delhi,Budget,4,1118,40742.59
160094,Hotel_93,Bengaluru,Resort,4,370,33183.86
160095,Hotel_94,Goa,Resort,4,1076,46955.87
160096,Hotel_95,Bengaluru,Business,3,1090,41167.47
160097,Hotel_96,Jaipur,Resort,4,805,31198.32
160098,Hotel_97,Dubai,Boutique,4,1166,14178.24
160099,Hotel_98,Singapore,Boutique,4,917,46869.97
160100,Hotel_99,Jaipur,Resort,5,112,38720.23
160101,Hotel_100,Delhi,Business,2,398,9801.89
160102,Hotel_101,Dubai,Budget,3,577,1924.02
160103,Hotel_102,Delhi,Business,4,146,38434.19
160104,Hotel_103,Jaipur,Resort,3,805,39386.13
160105,Hotel_104,Mumbai,Resort,2,943,42666.27
160106,Hotel_105,Goa,Boutique,2,64,40867.32
160107,Hotel_106,Delhi,Resort,3,441,48474.88
160108,Hotel_107,Goa,Luxury,3,1025,35668.71
160109,Hotel_108,Goa,Business,3,1057,34880.97
160110,Hotel_109,Dubai,Resort,5,955,21910.45
160111,Hotel_110,Bengaluru,Resort,3,313,44025.47
160112,Hotel_111,Dubai,Boutique,3,378,17141.5
160113,Hotel_112,Dubai,Budget,4,941,6412.53
160114,Hotel_113,Delhi,Resort,3,706,25681.19
160115,Hotel_114,Bengaluru,Business,5,469,14007.41
160116,Hotel_115,Bengaluru,Business,3,1018,30480.05
160117,Hotel_116,Goa,Resort,4,470,31705.86
160118,Hotel_117,Singapore,Resort,4,184,30219.09
160119,Hotel_118,Jaipur,Luxury,2,192,40504.13
160120,Hotel_119,Jaipur,Luxury,4,696,18146.69
160121,Hotel_120,London,Business,4,628,15306.77
160122,Hotel_121,Jaipur,Resort,2,460,16662.61
160123,Hotel_122,Delhi,Resort,3,1186,37071.69
160124,Hotel_123,Mumbai,Resort,3,1147,39144.22
160125,Hotel_124,Delhi,Budget,4,810,33595.86
160126,Hotel_125,Delhi,Business,3,614,20741.33
160127,Hotel_126,Singapore,Business,3,1064,39057.84
160128,Hotel_127,London,Budget,4,433,13837.82
160129,Hotel_128,Mumbai,Business,4,1139,7049.76
160130,Hotel_129,Singapore,Budget,2,207,24822.5
160131,Hotel_130,Mumbai,Boutique,5,302,47244.84
160132,Hotel_131,Dubai,Business,4,455,4533.75
160133,Hotel_132,Dubai,Business,5,694,24638.57
160134,Hotel_133,Jaipur,Boutique,3,1022,41152.28
160135,Hotel_134,Bengaluru,Luxury,5,152,8100.85
160136,Hotel_135,Dubai,Budget,4,1004,6619.37
160137,Hotel_136,Bengaluru,Budget,3,310,30124.52
160138,Hotel_137,Singapore,Business,4,976,40102.04
160139,Hotel_138,Jaipur,Boutique,3,917,29532.75
160140,Hotel_139,Singapore,Resort,4,718,15082.66
160141,Hotel_140,London,Boutique,3,1140,20229.85
160142,Hotel_141,Mumbai,Resort,3,979,12627.87
160143,Hotel_142,Mumbai,Resort,3,878,44551.57
160144,Hotel_143,Singapore,Luxury,3,806,44170.68
160145,Hotel_144,London,Boutique,3,717,34788.02
160146,Hotel_145,Jaipur,Business,4,592,46390.78
160147,Hotel_146,London,Business,2,932,14991.79
160148,Hotel_147,Dubai,Resort,3,458,46181.23
160149,Hotel_148,London,Luxury,3,439,11227.72
160150,Hotel_149,London,Luxury,2,685,5982.01
160151,Hotel_150,Dubai,Resort,4,994,21834.79
160152,Hotel_151,Dubai,Luxury,4,1122,13551.85
160153,Hotel_152,Dubai,Resort,3,397,3195.31
160154,Hotel_153,Delhi,Luxury,4,994,17778.1
160155,Hotel_154,Singapore,Budget,2,618,17468.24
160156,Hotel_155,Mumbai,Resort,3,112,27542.77
160157,Hotel_156,Goa,Business,4,866,28395.93
160158,Hotel_157,Bengaluru,Budget,3,444,47121.43
160159,Hotel_158,Singapore,Luxury,3,1109,49839.74
160160,Hotel_159,Bengaluru,Resort,4,978,5908.08
160161,Hotel_160,Mumbai,Resort,3,687,21549.96
160162,Hotel_161,Bengaluru,Boutique,5,615,8252.34
160163,Hotel_162,Bengaluru,Boutique,4,106,30236.73
160164,Hotel_163,Bengaluru,Luxury,3,290,9855.41
160165,Hotel_164,Dubai,Budget,3,393,28720.54
160166,Hotel_165,Delhi,Budget,4,575,1430.13
160167,Hotel_166,Singapore,Luxury,3,744,42570.42
160168,Hotel_167,Goa,Boutique,4,209,1520.11
160169,Hotel_168,Mumbai,Luxury,4,940,1943.04
160170,Hotel_169,Mumbai,Resort,4,1183,3939.25
160171,Hotel_170,Singapore,Business,4,929,39180.67
160172,Hotel_171,Mumbai,Boutique,3,532,10042.72
160173,Hotel_172,London,Budget,3,346,9722.92
160174,Hotel_173,Goa,Boutique,3,534,48889.18
160175,Hotel_174,Delhi,Business,4,836,37163.71
160176,Hotel_175,Dubai,Resort,3,1069,8401.15
160177,Hotel_176,Jaipur,Luxury,4,631,17658.09
160178,Hotel_177,London,Budget,5,470,38665.57
160179,Hotel_178,London,Resort,5,1089,28185.53
160180,Hotel_179,Mumbai,Resort,3,875,44907.15
160181,Hotel_180,Mumbai,Budget,3,40,17098.35
160182,Hotel_181,Singapore,Resort,2,112,26836.62
160183,Hotel_182,Dubai,Luxury,2,304,32809.16
160184,Hotel_183,Singapore,Budget,4,1012,35724.95
160185,Hotel_184,Mumbai,Luxury,4,906,36004.86
160186,Hotel_185,Jaipur,Luxury,4,319,20970.39
160187,Hotel_186,Bengaluru,Budget,5,284,9744.87
160188,Hotel_187,Mumbai,Budget,4,479,8881.74
160189,Hotel_188,London,Boutique,3,1160,43250.79
160190,Hotel_189,Delhi,Boutique,4,944,11710.29
160191,Hotel_190,London,Budget,3,66,28595.24
160192,Hotel_191,Delhi,Business,4,1046,45295.47
160193,Hotel_192,Dubai,Luxury,2,825,24693.06
160194,Hotel_193,London,Business,3,365,19776.82
160195,Hotel_194,Bengaluru,Budget,3,647,43144.84
160196,Hotel_195,Goa,Boutique,4,472,28690.84
160197,Hotel_196,Goa,Luxury,5,501,9820.32
160198,Hotel_197,Singapore,Business,3,1035,38199.49
160199,Hotel_198,Jaipur,Resort,4,270,13378.49
160200,Hotel_199,Dubai,Business,4,669,21761.28
160201,Hotel_200,Delhi,Boutique,4,227,33932.06
160202,Hotel_201,Delhi,Luxury,4,914,19617.72
160203,Hotel_202,London,Business,4,276,39880.36
160204,Hotel_203,Goa,Luxury,4,543,3112.14
160205,Hotel_204,London,Luxury,3,372,47307.38
160206,Hotel_205,Jaipur,Budget,4,1126,4602.96
160207,Hotel_206,Goa,Business,3,200,39690.43
160208,Hotel_207,Goa,Business,3,1006,18995.16
160209,Hotel_208,Delhi,Business,5,889,21904.5
160210,Hotel_209,London,Luxury,3,430,29480.01
160211,Hotel_210,Jaipur,Budget,5,1049,21867.49
160212,Hotel_211,Jaipur,Luxury,3,363,10552.37
160213,Hotel_212,London,Luxury,5,742,14872.14
160214,Hotel_213,Delhi,Budget,3,465,25498.17
160215,Hotel_214,Delhi,Luxury,4,326,38075.99
160216,Hotel_215,Dubai,Budget,3,1101,29976.68
160217,Hotel_216,Singapore,Boutique,2,129,49674.39
160218,Hotel_217,Dubai,Budget,3,748,16568.88
160219,Hotel_218,Singapore,Business,2,382,7270.27
160220,Hotel_219,London,Resort,4,963,45868.41
160221,Hotel_220,Goa,Resort,3,1109,7232.66
160222,Hotel_221,Bengaluru,Boutique,2,890,2159.05
160223,Hotel_222,Jaipur,Luxury,2,788,23345.48
160224,Hotel_223,Jaipur,Boutique,4,618,18756.4
160225,Hotel_224,Goa,Budget,4,253,24349.66
160226,Hotel_225,Delhi,Luxury,2,1002,31049.39
160227,Hotel_226,Singapore,Boutique,3,904,10468.72
160228,Hotel_227,Dubai,Boutique,3,875,6488.45
160229,Hotel_228,Singapore,Luxury,3,332,10437.94
160230,Hotel_229,Mumbai,Boutique,3,62,11096.27
160231,Hotel_230,London,Resort,4,184,5192.48
160232,Hotel_231,Mumbai,Luxury,3,836,46478.6
160233,Hotel_232,Delhi,Luxury,3,680,18627.58
160234,Hotel_233,Jaipur,Resort,5,1111,6266.83
160235,Hotel_234,Dubai,Budget,3,321,42247.65
160236,Hotel_235,Mumbai,Resort,5,943,44766.73
160237,Hotel_236,Singapore,Luxury,3,1002,24027.61
160238,Hotel_237,Goa,Business,4,1177,8072.49
160239,Hotel_238,London,Resort,4,260,49269.28
160240,Hotel_239,Dubai,Budget,5,514,7186.94
160241,Hotel_240,Bengaluru,Luxury,3,255,35228.12
160242,Hotel_241,Dubai,Boutique,4,971,24019.16
160243,Hotel_242,Dubai,Luxury,3,754,26368.42
160244,Hotel_243,Bengaluru,Luxury,5,1149,37726.12
160245,Hotel_244,Goa,Budget,4,271,14117.97
160246,Hotel_245,London,Luxury,3,36,42736.44
160247,Hotel_246,Dubai,Business,2,516,10422.17
160248,Hotel_247,Dubai,Resort,5,161,14005.89
160249,Hotel_248,London,Boutique,3,562,47171.74
160250,Hotel_249,London,Business,3,698,15317.11
160251,Hotel_250,London,Budget,4,533,26942.48
160252,Hotel_251,Mumbai,Business,5,1173,23567.61
160253,Hotel_252,Bengaluru,Resort,3,766,44651.76
160254,Hotel_253,Mumbai,Budget,3,911,13722.87
160255,Hotel_254,Singapore,Luxury,5,758,11219.62
160256,Hotel_255,Singapore,Luxury,3,254,4791.1
160257,Hotel_256,Goa,Budget,4,596,20807.58
160258,Hotel_257,Singapore,Luxury,2,1085,27321.5
160259,Hotel_258,Delhi,Resort,2,1102,44406.66
160260,Hotel_259,Bengaluru,Budget,3,672,12307.55
160261,Hotel_260,Jaipur,Resort,3,291,45966.1
160262,Hotel_261,Dubai,Business,3,1075,12590.94
160263,Hotel_262,Delhi,Resort,5,880,16456.77
160264,Hotel_263,Dubai,Luxury,4,260,44847.91
160265,Hotel_264,Delhi,Luxury,3,1049,45390.84
160266,Hotel_265,Dubai,Boutique,5,355,38485.2
160267,Hotel_266,Delhi,Budget,5,658,46851.76
160268,Hotel_267,Delhi,Luxury,3,427,27554.53
160269,Hotel_268,Dubai,Budget,3,1090,38525.39
160270,Hotel_269,Delhi,Business,4,967,34315.99
160271,Hotel_270,Dubai,Boutique,4,423,35729.7
160272,Hotel_271,Delhi,Resort,5,690,40187.43
160273,Hotel_272,Goa,Resort,4,20,44969.15
160274,Hotel_273,Delhi,Resort,4,1091,21191.34
160275,Hotel_274,Jaipur,Resort,5,1176,48765.27
160276,Hotel_275,London,Resort,4,216,31797.93
160277,Hotel_276,Bengaluru,Business,3,420,25576.15
160278,Hotel_277,Goa,Business,3,389,16517.14
160279,Hotel_278,Delhi,Resort,2,47,29244.4
160280,Hotel_279,Goa,Business,3,857,26793.3
160281,Hotel_280,Dubai,Luxury,4,937,48357.75
160282,Hotel_281,Goa,Boutique,3,958,33175.77
160283,Hotel_282,Delhi,Business,2,284,35025.25
160284,Hotel_283,Delhi,Luxury,3,238,11528.19
160285,Hotel_284,Bengaluru,Business,4,175,43680.57
160286,Hotel_285,Jaipur,Business,4,1029,35985.04
160287,Hotel_286,Singapore,Resort,3,147,5056.79
160288,Hotel_287,Jaipur,Luxury,3,343,17416.57
160289,Hotel_288,Goa,Business,2,569,38758.42
160290,Hotel_289,Singapore,Luxury,4,681,1388.28
160291,Hotel_290,Dubai,Boutique,3,280,9198.44
160292,Hotel_291,Bengaluru,Budget,2,180,46688.57
160293,Hotel_292,Mumbai,Boutique,4,631,26836.57
160294,Hotel_293,Goa,Budget,5,1016,40288.16
160295,Hotel_294,Singapore,Boutique,5,1079,11132.64
160296,Hotel_295,London,Business,4,971,15979.77
160297,Hotel_296,Delhi,Luxury,3,607,10303.63
160298,Hotel_297,Bengaluru,Boutique,4,1110,46299.03
160299,Hotel_298,Singapore,Resort,4,137,33862.09
160300,Hotel_299,Dubai,Business,3,480,7751.53
160301,Hotel_300,Delhi,Business,3,289,17554.04
160302,Hotel_301,Mumbai,Budget,3,1049,32308.99
160303,Hotel_302,Jaipur,Resort,4,1063,9268.93
160304,Hotel_303,Delhi,Business,4,1199,49234.97
160305,Hotel_304,Delhi,Budget,5,239,7546.57
160306,Hotel_305,Mumbai,Business,2,1069,4188.37
160307,Hotel_306,Mumbai,Boutique,2,742,7677.6
160308,Hotel_307,Mumbai,Business,4,898,42155.66
160309,Hotel_308,Singapore,Budget,4,982,18223.93
160310,Hotel_309,Singapore,Budget,3,389,7063.07
160311,Hotel_310,Singapore,Budget,3,304,49841.05
160312,Hotel_311,Bengaluru,Luxury,3,101,46942.93
160313,Hotel_312,Goa,Luxury,3,1090,5832.54
160314,Hotel_313,Singapore,Budget,4,106,32685.49
160315,Hotel_314,Mumbai,Resort,5,544,3599.87
160316,Hotel_315,Jaipur,Business,3,366,41246.99
160317,Hotel_316,Dubai,Resort,4,887,16250.76
160318,Hotel_317,Delhi,Budget,4,896,28611.68
160319,Hotel_318,Jaipur,Budget,3,1044,20406.09
160320,Hotel_319,Dubai,Resort,3,834,15153.68
160321,Hotel_320,Singapore,Luxury,4,846,43558.11
160322,Hotel_321,Dubai,Resort,4,1127,12620.19
160323,Hotel_322,Singapore,Luxury,4,175,42850.88
160324,Hotel_323,Goa,Business,4,103,1551.63
160325,Hotel_324,Delhi,Boutique,4,1183,12011.47
160326,Hotel_325,London,Boutique,4,179,17677.36
160327,Hotel_326,Singapore,Business,3,974,27249.44
160328,Hotel_327,Dubai,Boutique,4,506,4860.25
160329,Hotel_328,London,Boutique,3,277,1693.85
160330,Hotel_329,Bengaluru,Resort,5,962,21446.3
160331,Hotel_330,Bengaluru,Boutique,4,1089,28547.43
160332,Hotel_331,Singapore,Business,3,901,33585.6
160333,Hotel_332,Goa,Budget,3,304,30518.92
160334,Hotel_333,Goa,Boutique,5,935,20137.96
160335,Hotel_334,Goa,Budget,3,461,8382.25
160336,Hotel_335,Singapore,Business,4,416,9053.06
160337,Hotel_336,London,Resort,3,305,45333.2
160338,Hotel_337,Jaipur,Luxury,5,743,28387.13
160339,Hotel_338,Jaipur,Luxury,2,965,19198.17
160340,Hotel_339,Jaipur,Business,2,1065,31082.97
160341,Hotel_340,Goa,Resort,2,196,36603.96
160342,Hotel_341,Delhi,Boutique,4,976,6490.35
160343,Hotel_342,London,Boutique,4,241,21890.7
160344,Hotel_343,London,Boutique,4,123,15632.11
160345,Hotel_344,Dubai,Luxury,2,656,11603.91
160346,Hotel_345,Bengaluru,Resort,4,810,34127.4
160347,Hotel_346,Jaipur,Business,2,1128,9021.16
160348,Hotel_347,Goa,Boutique,3,663,22092.69
160349,Hotel_348,Goa,Resort,4,191,42006.8
160350,Hotel_349,Dubai,Business,3,1084,28123.84
160351,Hotel_350,London,Luxury,4,62,34840.58
160352,Hotel_351,Jaipur,Boutique,5,486,47385.3
160353,Hotel_352,Jaipur,Resort,4,804,4377.51
160354,Hotel_353,London,Resort,4,631,6209.56
160355,Hotel_354,London,Resort,2,786,38944.14
160356,Hotel_355,Bengaluru,Boutique,2,986,8467.34
160357,Hotel_356,Mumbai,Budget,5,483,16769.48
160358,Hotel_357,Goa,Business,5,133,48726.24
160359,Hotel_358,Delhi,Luxury,3,1198,40081.19
160360,Hotel_359,Bengaluru,Luxury,3,703,45645.99
160361,Hotel_360,Bengaluru,Budget,5,915,18246.72
160362,Hotel_361,London,Boutique,3,1040,20981.68
160363,Hotel_362,Delhi,Business,3,1141,37024.99
160364,Hotel_363,Singapore,Luxury,3,553,13661.5
160365,Hotel_364,London,Budget,4,298,24885.39
160366,Hotel_365,Jaipur,Resort,5,864,19263.24
160367,Hotel_366,Bengaluru,Budget,3,803,27004.59
160368,Hotel_367,Goa,Boutique,3,88,35128.96
160369,Hotel_368,Singapore,Boutique,2,712,33816.55
160370,Hotel_369,Jaipur,Boutique,4,486,16261.19
160371,Hotel_370,Jaipur,Resort,3,227,12737.6
160372,Hotel_371,London,Budget,3,1111,17190.78
160373,Hotel_372,Delhi,Resort,4,431,37943.05
160374,Hotel_373,Mumbai,Luxury,4,950,9167.59
160375,Hotel_374,Bengaluru,Resort,2,381,43426.14
160376,Hotel_375,London,Boutique,3,554,1475.89
160377,Hotel_376,Dubai,Boutique,3,105,17456.93
160378,Hotel_377,Dubai,Business,3,139,28176.2
160379,Hotel_378,Singapore,Budget,4,142,24105.89
160380,Hotel_379,Goa,Budget,5,127,11425.11
160381,Hotel_380,Bengaluru,Resort,2,677,10297.1
160382,Hotel_381,Bengaluru,Boutique,5,968,14863.78
160383,Hotel_382,Delhi,Business,5,374,7888.92
160384,Hotel_383,Bengaluru,Budget,2,192,27160.53
160385,Hotel_384,London,Boutique,2,618,16942.62
160386,Hotel_385,Dubai,Boutique,4,679,5061.71
160387,Hotel_386,Bengaluru,Boutique,3,1116,44244.98
160388,Hotel_387,London,Budget,4,448,34483.23
160389,Hotel_388,Bengaluru,Business,3,398,22091.48
160390,Hotel_389,Bengaluru,Boutique,3,257,22593.16
160391,Hotel_390,Goa,Boutique,4,93,14935.73
160392,Hotel_391,Goa,Budget,3,812,45394.9
160393,Hotel_392,Jaipur,Resort,3,1135,38068.89
160394,Hotel_393,Delhi,Boutique,3,686,19720.7
160395,Hotel_394,Dubai,Business,4,963,19452.69
160396,Hotel_395,Goa,Budget,3,441,47658.73
160397,Hotel_396,Jaipur,Luxury,2,685,23438.92
160398,Hotel_397,Jaipur,Business,5,365,46507.53
160399,Hotel_398,Bengaluru,Budget,3,688,28128.66
160400,Hotel_399,Delhi,Resort,3,356,36346.27
160401,Hotel_400,Goa,Business,5,477,28779.3
160402,Hotel_401,Delhi,Luxury,4,1037,18857.69
160403,Hotel_402,London,Budget,3,912,15762.95
160404,Hotel_403,Singapore,Boutique,3,1105,36732.83
160405,Hotel_404,Goa,Boutique,3,76,22868.58
160406,Hotel_405,Goa,Boutique,3,405,18412.66
160407,Hotel_406,Singapore,Budget,2,295,43054.16
160408,Hotel_407,London,Budget,3,82,10800.53
160409,Hotel_408,Dubai,Luxury,3,649,25866.19
160410,Hotel_409,Jaipur,Budget,4,208,36422.61
160411,Hotel_410,Delhi,Boutique,4,35,2165.85
160412,Hotel_411,Jaipur,Budget,4,59,47009.08
160413,Hotel_412,Jaipur,Business,4,1010,21530.39
160414,Hotel_413,Bengaluru,Budget,3,969,45204.61
160415,Hotel_414,Bengaluru,Business,3,909,14935.6
160416,Hotel_415,Bengaluru,Business,3,568,38979.7
160417,Hotel_416,Bengaluru,Budget,2,378,6240.65
160418,Hotel_417,Mumbai,Budget,4,809,11752.26
160419,Hotel_418,Goa,Boutique,5,332,22975.63
160420,Hotel_419,Jaipur,Budget,3,1187,48610.13
160421,Hotel_420,Bengaluru,Business,5,624,13576.23
160422,Hotel_421,Singapore,Resort,5,287,28477.56
160423,Hotel_422,Goa,Luxury,3,1014,22709.89
160424,Hotel_423,Goa,Boutique,3,1071,10432.28
160425,Hotel_424,Delhi,Business,3,629,10769.04
160426,Hotel_425,Dubai,Business,2,265,46958.22
160427,Hotel_426,Goa,Budget,4,753,18873.17
160428,Hotel_427,Jaipur,Resort,4,392,33692.53
160429,Hotel_428,Bengaluru,Luxury,3,234,31079.71
160430,Hotel_429,Mumbai,Budget,4,234,37599.61
160431,Hotel_430,Delhi,Budget,3,202,15737.19
160432,Hotel_431,London,Resort,4,911,29387.34
160433,Hotel_432,Jaipur,Boutique,3,976,28058.67
160434,Hotel_433,Dubai,Resort,3,303,40913.58
160435,Hotel_434,London,Boutique,3,989,5017.83
160436,Hotel_435,Jaipur,Business,3,481,32370.6
160437,Hotel_436,Mumbai,Budget,2,1101,45522.68
160438,Hotel_437,Mumbai,Resort,3,1044,5569.97
160439,Hotel_438,Jaipur,Resort,5,96,1849.52
160440,Hotel_439,Dubai,Resort,4,546,37660.52
160441,Hotel_440,Delhi,Budget,4,722,39550.81
160442,Hotel_441,Delhi,Luxury,3,536,22942.13
160443,Hotel_442,Mumbai,Boutique,4,482,41609.69
160444,Hotel_443,Dubai,Resort,4,347,8455.99
160445,Hotel_444,London,Boutique,2,1126,36344.72
160446,Hotel_445,Jaipur,Luxury,4,114,3687.86
160447,Hotel_446,Singapore,Boutique,4,1135,38397.23
160448,Hotel_447,Dubai,Business,4,727,12633.57
160449,Hotel_448,Mumbai,Boutique,3,658,16345.27
160450,Hotel_449,Delhi,Resort,5,1045,1917.29
160451,Hotel_450,Singapore,Budget,4,70,42955.71
160452,Hotel_451,Singapore,Boutique,4,89,25905.43
160453,Hotel_452,Mumbai,Business,2,30,28675.96
160454,Hotel_453,Mumbai,Budget,2,37,46191.45
160455,Hotel_454,Singapore,Resort,2,346,44853.6
160456,Hotel_455,Jaipur,Resort,5,883,14696.58
160457,Hotel_456,Bengaluru,Business,4,910,30560.32
160458,Hotel_457,Mumbai,Business,3,542,4747.24
160459,Hotel_458,Bengaluru,Budget,2,202,19581.19
160460,Hotel_459,Dubai,Resort,3,407,15725.48
160461,Hotel_460,Goa,Boutique,5,763,31944.16
160462,Hotel_461,Dubai,Resort,4,745,19009.46
160463,Hotel_462,Bengaluru,Business,2,370,6669.22
160464,Hotel_463,Jaipur,Resort,4,758,17599.66
160465,Hotel_464,Delhi,Budget,5,1056,1463.69
160466,Hotel_465,London,Luxury,4,799,30865.06
160467,Hotel_466,Singapore,Budget,4,858,18485.97
160468,Hotel_467,Singapore,Boutique,2,232,6007.55
160469,Hotel_468,Goa,Boutique,4,1161,38788.47
160470,Hotel_469,Jaipur,Boutique,3,161,10478.37
160471,Hotel_470,Goa,Budget,3,524,16204.73
160472,Hotel_471,Mumbai,Resort,4,1051,5266.71
160473,Hotel_472,Goa,Resort,4,203,28177.28
160474,Hotel_473,London,Budget,4,844,40297.05
160475,Hotel_474,Delhi,Business,4,279,3645.4
160476,Hotel_475,Jaipur,Resort,2,1198,8665.12
160477,Hotel_476,London,Luxury,4,807,41555.79
160478,Hotel_477,London,Resort,5,676,6702.88
160479,Hotel_478,Goa,Luxury,5,520,12322.28
160480,Hotel_479,Mumbai,Budget,4,1141,17147.72
160481,Hotel_480,Delhi,Budget,4,1176,24075.43
160482,Hotel_481,Singapore,Budget,5,136,5153.52
160483,Hotel_482,Singapore,Luxury,3,583,25927.4
160484,Hotel_483,Dubai,Budget,3,1018,12764.25
160485,Hotel_484,Bengaluru,Luxury,5,1002,2408.95
160486,Hotel_485,Singapore,Budget,3,103,44218.03
160487,Hotel_486,Dubai,Budget,5,591,48824.93
160488,Hotel_487,Jaipur,Resort,5,1071,29935.93
160489,Hotel_488,Delhi,Luxury,3,439,42677.51
160490,Hotel_489,Jaipur,Luxury,3,354,38897.35
160491,Hotel_490,Goa,Boutique,3,24,1506.35
160492,Hotel_491,Bengaluru,Business,5,170,46723.7
160493,Hotel_492,Goa,Resort,4,861,7140.95
160494,Hotel_493,Singapore,Resort,4,1146,15822.91
160495,Hotel_494,Singapore,Luxury,3,803,40207.32
160496,Hotel_495,Mumbai,Boutique,4,529,12706.08
160497,Hotel_496,Dubai,Luxury,3,214,9236.47
160498,Hotel_497,Singapore,Boutique,3,595,47204.09
160499,Hotel_498,Dubai,Resort,5,525,7031.16
160500,Hotel_499,Goa,Budget,3,769,30379.59
160501,Hotel_500,London,Resort,4,706,25136.56
160502,Hotel_501,Jaipur,Business,4,931,1668.72
160503,Hotel_502,Goa,Budget,3,635,16713.13
160504,Hotel_503,Bengaluru,Boutique,5,1135,14184.41
160505,Hotel_504,Delhi,Boutique,2,77,2740.77
160506,Hotel_505,Goa,Boutique,3,516,18462.28
160507,Hotel_506,Dubai,Resort,5,1086,15164.36
160508,Hotel_507,Delhi,Budget,4,97,6051.24
160509,Hotel_508,Delhi,Budget,4,978,1445.63
160510,Hotel_509,Dubai,Boutique,5,157,44672.19
160511,Hotel_510,Jaipur,Business,4,135,44562.84
160512,Hotel_511,Mumbai,Luxury,5,433,16810.88
160513,Hotel_512,Dubai,Business,3,326,3728.18
160514,Hotel_513,Bengaluru,Budget,5,1054,14822.97
160515,Hotel_514,Jaipur,Luxury,3,190,10262.17
160516,Hotel_515,Goa,Boutique,3,179,30394.85
160517,Hotel_516,Dubai,Luxury,4,468,34700.21
160518,Hotel_517,Delhi,Luxury,4,478,10744.73
160519,Hotel_518,Jaipur,Resort,2,144,47104.06
160520,Hotel_519,Mumbai,Budget,2,280,24875.08
160521,Hotel_520,Goa,Resort,2,1017,34367.7
160522,Hotel_521,Mumbai,Resort,5,483,44812.82
160523,Hotel_522,Dubai,Business,3,962,29161.69
160524,Hotel_523,Goa,Luxury,3,139,16135.81
160525,Hotel_524,Mumbai,Boutique,4,431,42595.05
160526,Hotel_525,Delhi,Resort,4,679,30627.45
160527,Hotel_526,London,Business,3,44,14557.0
160528,Hotel_527,Singapore,Business,4,448,47952.59
160529,Hotel_528,Dubai,Resort,3,186,15198.61
160530,Hotel_529,London,Luxury,3,560,2369.66
160531,Hotel_530,Delhi,Resort,4,382,4833.03
160532,Hotel_531,Delhi,Resort,4,1187,31373.24
160533,Hotel_532,Delhi,Business,2,1019,23475.63
160534,Hotel_533,Mumbai,Budget,4,72,44619.37
160535,Hotel_534,Jaipur,Budget,3,240,27391.03
160536,Hotel_535,Goa,Budget,3,369,25508.04
160537,Hotel_536,Jaipur,Luxury,3,842,28967.43
160538,Hotel_537,Singapore,Resort,2,395,30276.64
160539,Hotel_538,Jaipur,Budget,3,871,6281.14
160540,Hotel_539,London,Boutique,3,309,49499.32
160541,Hotel_540,Goa,Budget,4,285,21331.48
160542,Hotel_541,Jaipur,Budget,5,722,42555.26
160543,Hotel_542,Goa,Business,4,372,36362.76
160544,Hotel_543,Bengaluru,Business,3,914,13908.28
160545,Hotel_544,Jaipur,Budget,2,123,32395.74
160546,Hotel_545,Mumbai,Boutique,3,1028,18352.31
160547,Hotel_546,Delhi,Business,5,468,19904.82
160548,Hotel_547,Goa,Boutique,4,448,48048.63
160549,Hotel_548,Mumbai,Luxury,4,158,13507.22
160550,Hotel_549,Dubai,Budget,3,436,23804.5
160551,Hotel_550,London,Luxury,3,1152,32425.4
160552,Hotel_551,Delhi,Budget,3,276,30977.55
160553,Hotel_552,London,Resort,2,796,37279.26
160554,Hotel_553,London,Budget,4,594,30192.99
160555,Hotel_554,Singapore,Resort,3,549,2481.42
160556,Hotel_555,Singapore,Boutique,3,855,35427.8
160557,Hotel_556,Delhi,Luxury,4,1042,47827.15
160558,Hotel_557,Singapore,Luxury,3,1136,37876.73
160559,Hotel_558,London,Budget,3,732,11852.57
160560,Hotel_559,Dubai,Resort,2,929,42678.61
160561,Hotel_560,London,Resort,3,452,25559.48
160562,Hotel_561,Goa,Resort,5,59,39009.62
160563,Hotel_562,Jaipur,Boutique,3,617,25563.91
160564,Hotel_563,Singapore,Budget,3,1056,4788.38
160565,Hotel_564,Delhi,Budget,4,157,21497.34
160566,Hotel_565,Jaipur,Budget,5,606,33318.8
160567,Hotel_566,Goa,Business,2,490,14485.01
160568,Hotel_567,Jaipur,Boutique,3,1054,38958.02
160569,Hotel_568,Jaipur,Luxury,5,33,43106.22
160570,Hotel_569,London,Budget,5,1132,49270.79
160571,Hotel_570,Goa,Resort,3,196,45714.12
160572,Hotel_571,Delhi,Resort,3,159,15334.67
160573,Hotel_572,Singapore,Boutique,5,852,40286.75
160574,Hotel_573,Goa,Business,3,440,1499.94
160575,Hotel_574,Jaipur,Business,4,29,21671.12
160576,Hotel_575,Bengaluru,Budget,4,917,8792.48
160577,Hotel_576,Jaipur,Luxury,3,657,17374.51
160578,Hotel_577,Delhi,Business,3,733,44762.9
160579,Hotel_578,Delhi,Luxury,3,1160,32968.61
160580,Hotel_579,Bengaluru,Boutique,3,540,47741.98
160581,Hotel_580,Mumbai,Resort,4,847,27543.03
160582,Hotel_581,Dubai,Budget,3,171,32284.48
160583,Hotel_582,London,Luxury,4,564,40169.38
160584,Hotel_583,Singapore,Budget,4,130,25069.55
160585,Hotel_584,Singapore,Boutique,4,616,25582.16
160586,Hotel_585,Jaipur,Luxury,3,528,12779.55
160587,Hotel_586,London,Budget,3,220,30791.97
160588,Hotel_587,Delhi,Resort,5,925,2893.63
160589,Hotel_588,Singapore,Resort,4,846,27858.9
160590,Hotel_589,Mumbai,Resort,3,168,49409.19
160591,Hotel_590,London,Boutique,2,450,29378.72
160592,Hotel_591,Jaipur,Business,3,857,14235.27
160593,Hotel_592,Singapore,Business,4,833,23338.23
160594,Hotel_593,Dubai,Luxury,5,517,10529.5
160595,Hotel_594,Mumbai,Business,3,337,14286.17
160596,Hotel_595,Delhi,Business,4,1030,24107.94
160597,Hotel_596,Delhi,Luxury,4,120,20740.34
160598,Hotel_597,Dubai,Boutique,3,935,45185.92
160599,Hotel_598,Jaipur,Budget,5,394,17155.05
160600,Hotel_599,Mumbai,Budget,3,253,38155.68
160601,Hotel_600,London,Resort,4,149,16289.19
160602,Hotel_601,London,Boutique,4,295,29788.47
160603,Hotel_602,London,Boutique,5,52,40460.58
160604,Hotel_603,Mumbai,Budget,5,1146,30880.69
160605,Hotel_604,Singapore,Resort,3,253,27744.18
160606,Hotel_605,Bengaluru,Boutique,3,892,12303.99
160607,Hotel_606,Goa,Business,3,508,9341.62
160608,Hotel_607,London,Budget,5,242,34415.52
160609,Hotel_608,Dubai,Business,3,1147,38748.0
160610,Hotel_609,Jaipur,Boutique,4,1066,16363.25
160611,Hotel_610,Mumbai,Luxury,3,337,14673.21
160612,Hotel_611,Mumbai,Boutique,3,102,22841.07
160613,Hotel_612,Mumbai,Business,4,640,16492.68
160614,Hotel_613,Bengaluru,Budget,3,977,26866.4
160615,Hotel_614,Singapore,Boutique,4,727,17645.81
160616,Hotel_615,Mumbai,Business,3,72,34236.01
160617,Hotel_616,Bengaluru,Business,3,1028,46290.43
160618,Hotel_617,Jaipur,Business,3,165,27450.04
160619,Hotel_618,Goa,Budget,5,1058,35366.07
160620,Hotel_619,Delhi,Boutique,5,620,43900.08
160621,Hotel_620,Bengaluru,Business,3,168,43117.25
160622,Hotel_621,Singapore,Luxury,4,141,31359.54
160623,Hotel_622,Dubai,Resort,2,587,34824.18
160624,Hotel_623,Mumbai,Resort,3,973,22688.32
160625,Hotel_624,Delhi,Budget,4,738,9137.79
160626,Hotel_625,Goa,Business,5,379,28151.87
160627,Hotel_626,Bengaluru,Luxury,5,421,39637.74
160628,Hotel_627,Goa,Luxury,3,1030,30396.94
160629,Hotel_628,Goa,Budget,4,1173,26647.12
160630,Hotel_629,Dubai,Resort,3,70,30154.55
160631,Hotel_630,London,Boutique,3,90,15395.3
160632,Hotel_631,Bengaluru,Luxury,3,392,5498.53
160633,Hotel_632,Singapore,Budget,3,255,17303.04
160634,Hotel_633,Goa,Luxury,5,1055,44374.53
160635,Hotel_634,Dubai,Luxury,4,171,38677.03
160636,Hotel_635,Bengaluru,Business,5,461,36349.64
160637,Hotel_636,Dubai,Luxury,3,253,32740.73
160638,Hotel_637,Delhi,Business,3,784,30647.66
160639,Hotel_638,Singapore,Business,3,771,15285.04
160640,Hotel_639,Bengaluru,Business,2,1032,30818.92
160641,Hotel_640,Goa,Resort,5,46,18368.17
160642,Hotel_641,Singapore,Business,3,819,10619.6
160643,Hotel_642,Singapore,Business,5,130,17948.83
160644,Hotel_643,Jaipur,Budget,3,964,35294.16
160645,Hotel_644,Bengaluru,Business,5,1020,48948.63
160646,Hotel_645,Delhi,Budget,2,371,15796.58
160647,Hotel_646,Bengaluru,Resort,3,501,33551.18
160648,Hotel_647,London,Luxury,5,566,47869.13
160649,Hotel_648,Goa,Boutique,4,466,34221.35
160650,Hotel_649,Goa,Luxury,2,38,38784.46
160651,Hotel_650,Dubai,Business,3,496,33224.25
160652,Hotel_651,Jaipur,Boutique,4,479,25102.92
160653,Hotel_652,London,Budget,4,796,22682.56
160654,Hotel_653,Delhi,Resort,4,971,4215.17
160655,Hotel_654,London,Business,3,578,2720.41
160656,Hotel_655,Delhi,Business,2,662,1753.17
160657,Hotel_656,Jaipur,Luxury,4,124,21894.26
160658,Hotel_657,London,Business,4,1050,10348.76
160659,Hotel_658,Dubai,Luxury,3,853,2133.08
160660,Hotel_659,Jaipur,Budget,4,497,19176.99
160661,Hotel_660,Jaipur,Resort,3,30,13222.38
160662,Hotel_661,Goa,Business,4,891,33837.06
160663,Hotel_662,London,Luxury,4,444,34430.66
160664,Hotel_663,Bengaluru,Luxury,4,1148,10461.62
160665,Hotel_664,Jaipur,Budget,3,100,45933.78
160666,Hotel_665,Mumbai,Luxury,3,271,7377.28
160667,Hotel_666,Delhi,Resort,5,1191,38308.34
160668,Hotel_667,Bengaluru,Luxury,4,672,41676.98
160669,Hotel_668,Dubai,Budget,3,706,14732.81
160670,Hotel_669,London,Luxury,4,971,30356.31
160671,Hotel_670,London,Budget,3,1122,10323.63
160672,Hotel_671,London,Resort,3,455,13378.54
160673,Hotel_672,Mumbai,Budget,4,53,16398.06
160674,Hotel_673,Jaipur,Budget,3,100,10669.56
160675,Hotel_674,Goa,Boutique,4,162,43719.17
160676,Hotel_675,London,Business,3,658,46927.99
160677,Hotel_676,London,Luxury,4,496,48872.05
160678,Hotel_677,Jaipur,Luxury,3,891,42491.85
160679,Hotel_678,Goa,Boutique,4,140,48488.03
160680,Hotel_679,Delhi,Boutique,2,735,39164.31
160681,Hotel_680,Delhi,Luxury,5,296,6927.03
160682,Hotel_681,Mumbai,Boutique,4,1191,35921.21
160683,Hotel_682,Delhi,Resort,2,202,40116.4
160684,Hotel_683,Delhi,Resort,4,1183,28868.64
160685,Hotel_684,London,Business,3,147,14235.79
160686,Hotel_685,Singapore,Resort,4,460,3909.01
160687,Hotel_686,Bengaluru,Resort,4,580,45735.88
160688,Hotel_687,Bengaluru,Luxury,3,834,46213.78
160689,Hotel_688,Singapore,Business,2,1175,26629.55
160690,Hotel_689,Mumbai,Luxury,3,893,3624.98
160691,Hotel_690,Delhi,Boutique,4,909,31192.16
160692,Hotel_691,Singapore,Business,2,1025,38729.72
160693,Hotel_692,Mumbai,Boutique,3,408,32090.95
160694,Hotel_693,Singapore,Boutique,4,448,36214.79
160695,Hotel_694,London,Boutique,2,152,32989.68
160696,Hotel_695,Singapore,Resort,4,83,4660.2
160697,Hotel_696,Singapore,Budget,5,279,28146.45
160698,Hotel_697,Bengaluru,Business,3,555,8706.54
160699,Hotel_698,Singapore,Luxury,4,399,26530.55
160700,Hotel_699,Bengaluru,Business,4,989,13301.67
160701,Hotel_700,Delhi,Luxury,4,217,25153.6
160702,Hotel_701,Goa,Business,4,460,28387.74
160703,Hotel_702,Delhi,Luxury,3,609,19757.19
160704,Hotel_703,Bengaluru,Business,3,59,13704.45
160705,Hotel_704,Bengaluru,Luxury,3,1184,28151.16
160706,Hotel_705,Goa,Budget,4,1007,32179.21
160707,Hotel_706,Goa,Business,5,899,22848.8
160708,Hotel_707,Goa,Budget,5,649,43364.89
160709,Hotel_708,London,Budget,4,792,23083.75
160710,Hotel_709,Jaipur,Boutique,3,577,38298.76
160711,Hotel_710,Goa,Boutique,4,348,38726.39
160712,Hotel_711,London,Boutique,2,703,9030.96
160713,Hotel_712,Goa,Budget,3,257,40877.83
160714,Hotel_713,London,Luxury,4,58,22640.81
160715,Hotel_714,Singapore,Boutique,4,128,12668.51
160716,Hotel_715,London,Budget,3,435,25370.17
160717,Hotel_716,Delhi,Budget,3,919,39109.42
160718,Hotel_717,Singapore,Budget,5,1056,41774.19
160719,Hotel_718,Goa,Business,5,1027,4556.73
160720,Hotel_719,Delhi,Luxury,3,543,13380.41
160721,Hotel_720,Goa,Budget,2,187,28160.34
160722,Hotel_721,Dubai,Boutique,4,223,14255.06
160723,Hotel_722,Mumbai,Business,4,955,9104.37
160724,Hotel_723,Goa,Boutique,5,371,21966.74
160725,Hotel_724,Bengaluru,Boutique,3,255,11801.07
160726,Hotel_725,Mumbai,Boutique,3,372,19986.57
160727,Hotel_726,London,Business,4,1198,35770.93
160728,Hotel_727,Bengaluru,Resort,4,1055,49847.51
160729,Hotel_728,Goa,Business,3,895,49107.95
160730,Hotel_729,Dubai,Business,4,467,17106.3
160731,Hotel_730,Goa,Boutique,3,1053,7641.11
160732,Hotel_731,Mumbai,Boutique,3,738,32368.23
160733,Hotel_732,Delhi,Luxury,5,285,18423.92
160734,Hotel_733,London,Resort,3,839,36665.79
160735,Hotel_734,Singapore,Boutique,3,84,25865.37
160736,Hotel_735,Jaipur,Resort,3,538,8792.11
160737,Hotel_736,Jaipur,Budget,4,723,41579.31
160738,Hotel_737,London,Boutique,4,371,2593.56
160739,Hotel_738,Singapore,Resort,3,1038,32187.17
160740,Hotel_739,Goa,Boutique,3,990,16776.89
160741,Hotel_740,Mumbai,Resort,4,512,3484.95
160742,Hotel_741,Mumbai,Boutique,3,627,44383.94
160743,Hotel_742,Delhi,Boutique,3,1018,42246.41
160744,Hotel_743,Singapore,Business,4,795,2244.34
160745,Hotel_744,Dubai,Budget,4,780,14804.29
160746,Hotel_745,Jaipur,Budget,3,498,48401.72
160747,Hotel_746,Goa,Resort,3,950,9510.92
160748,Hotel_747,London,Luxury,4,357,48868.56
160749,Hotel_748,Dubai,Luxury,4,308,26856.93
160750,Hotel_749,London,Resort,3,267,31245.3
160751,Hotel_750,Delhi,Resort,5,535,33094.51
160752,Hotel_751,Goa,Luxury,4,35,31759.15
160753,Hotel_752,Mumbai,Boutique,2,95,32173.86
160754,Hotel_753,London,Business,3,656,31340.77
160755,Hotel_754,Goa,Resort,5,686,41164.32
160756,Hotel_755,Goa,Business,4,1163,24928.5
160757,Hotel_756,Mumbai,Luxury,4,1099,3060.24
160758,Hotel_757,Singapore,Resort,4,138,37293.96
160759,Hotel_758,Goa,Budget,3,1102,23949.49
160760,Hotel_759,Jaipur,Budget,3,575,17580.87
160761,Hotel_760,Mumbai,Boutique,3,157,8572.27
160762,Hotel_761,Dubai,Luxury,4,1026,30129.88
160763,Hotel_762,Goa,Business,3,683,26896.39
160764,Hotel_763,London,Luxury,4,767,13921.35
160765,Hotel_764,Delhi,Business,2,468,41640.23
160766,Hotel_765,Delhi,Business,3,908,42751.95
160767,Hotel_766,Goa,Budget,3,1188,40157.91
160768,Hotel_767,Mumbai,Business,5,1089,47884.82
160769,Hotel_768,Delhi,Boutique,2,627,25031.27
160770,Hotel_769,Delhi,Budget,3,828,35902.27
160771,Hotel_770,London,Boutique,3,995,6473.3
160772,Hotel_771,London,Budget,4,486,8908.12
160773,Hotel_772,Bengaluru,Business,4,177,32439.68
160774,Hotel_773,Delhi,Business,5,316,7874.19
160775,Hotel_774,Mumbai,Boutique,3,203,33263.51
160776,Hotel_775,London,Business,4,908,5794.14
160777,Hotel_776,Goa,Business,2,738,26029.86
160778,Hotel_777,Bengaluru,Luxury,2,1072,35663.78
160779,Hotel_778,Goa,Resort,5,953,35026.11
160780,Hotel_779,London,Boutique,3,620,11824.48
160781,Hotel_780,Goa,Luxury,3,937,41795.65
160782,Hotel_781,Singapore,Budget,2,744,18798.88
160783,Hotel_782,Jaipur,Luxury,3,512,20617.58
160784,Hotel_783,Dubai,Boutique,5,67,9875.42
160785,Hotel_784,Bengaluru,Business,5,446,39371.21
160786,Hotel_785,Jaipur,Budget,4,764,18877.88
160787,Hotel_786,Jaipur,Budget,3,830,16260.31
160788,Hotel_787,Dubai,Resort,3,585,33275.59
160789,Hotel_788,Dubai,Resort,5,59,31313.73
160790,Hotel_789,London,Resort,2,998,21723.63
160791,Hotel_790,Mumbai,Budget,3,461,28885.97
160792,Hotel_791,Delhi,Luxury,4,656,19903.61
160793,Hotel_792,Dubai,Budget,3,590,6952.06
160794,Hotel_793,Dubai,Resort,3,970,19764.06
160795,Hotel_794,Jaipur,Luxury,3,296,5551.25
160796,Hotel_795,Goa,Luxury,4,625,48620.07
160797,Hotel_796,London,Business,3,723,38961.1
160798,Hotel_797,Mumbai,Boutique,2,103,8551.43
160799,Hotel_798,Goa,Boutique,4,1019,17006.85
160800,Hotel_799,London,Boutique,3,1102,40491.1
160801,Hotel_800,Goa,Budget,3,497,28744.07
160802,Hotel_801,Goa,Budget,3,468,10405.17
160803,Hotel_802,Bengaluru,Luxury,4,1178,47999.26
160804,Hotel_803,Bengaluru,Boutique,3,372,17514.43
160805,Hotel_804,Goa,Resort,5,238,13471.99
160806,Hotel_805,Dubai,Business,4,473,35962.64
160807,Hotel_806,London,Boutique,5,452,8533.01
160808,Hotel_807,Jaipur,Budget,5,807,33522.08
160809,Hotel_808,Dubai,Boutique,3,1085,2907.5
160810,Hotel_809,Delhi,Resort,4,564,8879.35
160811,Hotel_810,Mumbai,Budget,4,912,1605.51
160812,Hotel_811,Mumbai,Boutique,4,1199,21187.2
160813,Hotel_812,Jaipur,Luxury,2,1192,39834.65
160814,Hotel_813,Mumbai,Boutique,4,896,1682.47
160815,Hotel_814,Dubai,Business,3,779,28055.05
160816,Hotel_815,Delhi,Resort,4,322,14822.53
160817,Hotel_816,Jaipur,Budget,4,344,6213.37
160818,Hotel_817,Bengaluru,Budget,4,647,40386.66
160819,Hotel_818,Singapore,Resort,5,533,1344.22
160820,Hotel_819,London,Luxury,5,47,13370.92
160821,Hotel_820,Mumbai,Budget,3,1038,18183.16
160822,Hotel_821,Goa,Boutique,4,374,16920.4
160823,Hotel_822,Goa,Luxury,5,829,21239.95
160824,Hotel_823,Mumbai,Boutique,4,1060,49744.48
160825,Hotel_824,Dubai,Budget,5,26,9049.25
160826,Hotel_825,Delhi,Luxury,4,689,31894.96
160827,Hotel_826,Bengaluru,Budget,2,708,8503.92
160828,Hotel_827,Dubai,Resort,3,251,32324.28
160829,Hotel_828,London,Boutique,2,538,29592.95
160830,Hotel_829,London,Resort,4,611,7090.53
160831,Hotel_830,Goa,Luxury,4,508,27196.58
160832,Hotel_831,Delhi,Luxury,2,419,32913.66
160833,Hotel_832,Bengaluru,Luxury,5,693,49355.21
160834,Hotel_833,Singapore,Budget,4,1008,42164.84
160835,Hotel_834,Delhi,Luxury,4,336,3755.38
160836,Hotel_835,Jaipur,Resort,4,124,32962.49
160837,Hotel_836,London,Luxury,5,597,30840.88
160838,Hotel_837,Jaipur,Resort,3,1056,33560.47
160839,Hotel_838,Mumbai,Budget,4,213,16309.74
160840,Hotel_839,Goa,Resort,4,1120,28800.11
160841,Hotel_840,Goa,Business,3,1176,25435.88
160842,Hotel_841,London,Resort,3,81,40829.5
160843,Hotel_842,Jaipur,Resort,5,976,10465.16
160844,Hotel_843,Goa,Budget,2,503,10261.23
160845,Hotel_844,Mumbai,Boutique,3,731,5927.42
160846,Hotel_845,Mumbai,Boutique,4,662,22663.33
160847,Hotel_846,Delhi,Resort,5,525,37668.76
160848,Hotel_847,Bengaluru,Luxury,3,499,42454.16
160849,Hotel_848,Goa,Business,5,56,35683.68
160850,Hotel_849,Goa,Resort,4,526,23029.39
160851,Hotel_850,Goa,Luxury,2,463,45692.72
160852,Hotel_851,London,Business,4,845,11341.93
160853,Hotel_852,Mumbai,Budget,3,769,37637.72
160854,Hotel_853,Dubai,Business,5,50,8459.78
160855,Hotel_854,Delhi,Budget,3,1185,13625.71
160856,Hotel_855,Jaipur,Resort,3,459,35126.84
160857,Hotel_856,Delhi,Luxury,5,538,37551.41
160858,Hotel_857,Mumbai,Business,3,773,13344.1
160859,Hotel_858,Dubai,Resort,5,662,25359.36
160860,Hotel_859,Goa,Budget,3,108,1828.42
160861,Hotel_860,Singapore,Boutique,2,483,5140.36
160862,Hotel_861,Delhi,Business,3,872,46336.65
160863,Hotel_862,Bengaluru,Boutique,2,1134,18774.38
160864,Hotel_863,Dubai,Business,3,541,32436.41
160865,Hotel_864,Dubai,Luxury,2,486,46961.96
160866,Hotel_865,Mumbai,Resort,4,146,8161.71
160867,Hotel_866,Bengaluru,Budget,3,1051,1744.44
160868,Hotel_867,Dubai,Resort,2,807,38440.26
160869,Hotel_868,Bengaluru,Business,4,349,34190.48
160870,Hotel_869,London,Budget,4,1071,44826.93
160871,Hotel_870,Singapore,Luxury,3,72,27965.72
160872,Hotel_871,Jaipur,Budget,4,1075,22659.96
160873,Hotel_872,London,Resort,5,150,27136.18
160874,Hotel_873,Goa,Luxury,4,1081,49071.23
160875,Hotel_874,Singapore,Resort,2,220,13434.41
160876,Hotel_875,Bengaluru,Budget,4,589,20982.7
160877,Hotel_876,Singapore,Business,3,481,27268.43
160878,Hotel_877,Jaipur,Boutique,5,241,20317.82
160879,Hotel_878,Goa,Business,4,555,27381.24
160880,Hotel_879,Jaipur,Resort,2,934,5048.7
160881,Hotel_880,Delhi,Resort,4,616,23352.08
160882,Hotel_881,Singapore,Luxury,4,623,33280.89
160883,Hotel_882,Delhi,Boutique,4,546,11867.45
160884,Hotel_883,Mumbai,Boutique,5,912,14956.26
160885,Hotel_884,Bengaluru,Resort,4,390,30032.06
160886,Hotel_885,Bengaluru,Resort,3,30,42951.64
160887,Hotel_886,London,Luxury,4,293,49162.0
160888,Hotel_887,Delhi,Business,4,528,31420.17
160889,Hotel_888,Dubai,Boutique,4,442,47167.17
160890,Hotel_889,Mumbai,Resort,4,725,30115.26
160891,Hotel_890,Mumbai,Resort,3,938,46688.53
160892,Hotel_891,Dubai,Boutique,5,1015,31388.73
160893,Hotel_892,Singapore,Business,4,507,29208.65
160894,Hotel_893,Delhi,Business,3,456,21342.89
160895,Hotel_894,Bengaluru,Business,5,1178,24935.06
160896,Hotel_895,Dubai,Budget,3,932,47345.18
160897,Hotel_896,Jaipur,Budget,2,778,7328.8
160898,Hotel_897,Singapore,Business,3,638,12653.63
160899,Hotel_898,Dubai,Business,4,1166,21409.25
160900,Hotel_899,Mumbai,Business,4,468,10592.51
160901,Hotel_900,Mumbai,Luxury,4,1199,10672.12
160902,Hotel_901,Dubai,Resort,3,530,18514.89
160903,Hotel_902,Jaipur,Budget,3,124,19470.55
160904,Hotel_903,Delhi,Budget,3,1028,13194.49
160905,Hotel_904,Bengaluru,Resort,4,633,25360.21
160906,Hotel_905,Dubai,Luxury,4,449,20332.37
160907,Hotel_906,Mumbai,Boutique,2,694,13350.14
160908,Hotel_907,Dubai,Resort,3,655,49290.34
160909,Hotel_908,Mumbai,Budget,4,658,39336.23
160910,Hotel_909,London,Business,4,758,18230.59
160911,Hotel_910,London,Luxury,4,802,21633.56
160912,Hotel_911,Dubai,Business,2,1020,49408.26
160913,Hotel_912,Delhi,Resort,2,970,34614.45
160914,Hotel_913,Jaipur,Boutique,4,132,49210.13
160915,Hotel_914,Goa,Business,4,867,45755.01
160916,Hotel_915,Bengaluru,Boutique,4,441,27088.74
160917,Hotel_916,Goa,Boutique,3,399,45668.23
160918,Hotel_917,Bengaluru,Resort,4,902,32302.9
160919,Hotel_918,Dubai,Business,5,1038,31021.28
160920,Hotel_919,Singapore,Budget,4,1180,38718.89
160921,Hotel_920,Bengaluru,Budget,4,569,47810.13
160922,Hotel_921,Jaipur,Resort,3,365,15357.39
160923,Hotel_922,Mumbai,Resort,4,1163,11668.5
160924,Hotel_923,Goa,Business,2,726,29457.52
160925,Hotel_924,Jaipur,Luxury,4,544,31550.61
160926,Hotel_925,Delhi,Budget,4,324,44956.8
160927,Hotel_926,Mumbai,Business,3,326,24092.59
160928,Hotel_927,Goa,Budget,4,125,40207.91
160929,Hotel_928,Jaipur,Resort,4,675,26989.43
160930,Hotel_929,Mumbai,Boutique,4,1042,44957.57
160931,Hotel_930,Singapore,Boutique,2,760,22517.55
160932,Hotel_931,Singapore,Luxury,4,678,5226.89
160933,Hotel_932,Bengaluru,Business,3,792,38151.89
160934,Hotel_933,Goa,Budget,4,46,25075.45
160935,Hotel_934,Jaipur,Luxury,3,1134,46528.2
160936,Hotel_935,Mumbai,Boutique,5,756,20218.69
160937,Hotel_936,Bengaluru,Luxury,4,447,6347.64
160938,Hotel_937,Dubai,Luxury,3,566,6227.8
160939,Hotel_938,Goa,Luxury,4,266,35294.63
160940,Hotel_939,London,Luxury,2,110,21179.65
160941,Hotel_940,Delhi,Business,4,1024,33048.19
160942,Hotel_941,Bengaluru,Boutique,4,944,46533.99
160943,Hotel_942,London,Budget,4,629,49782.72
160944,Hotel_943,Bengaluru,Resort,5,802,9870.46
160945,Hotel_944,Jaipur,Boutique,5,677,25819.56
160946,Hotel_945,Jaipur,Boutique,3,593,22832.2
160947,Hotel_946,Bengaluru,Luxury,3,1003,6686.45
160948,Hotel_947,Bengaluru,Budget,5,434,2301.16
160949,Hotel_948,Singapore,Boutique,3,70,34983.77
160950,Hotel_949,Goa,Budget,4,209,35243.41
160951,Hotel_950,Jaipur,Resort,2,486,32306.93
160952,Hotel_951,Delhi,Budget,2,343,17139.53
160953,Hotel_952,Dubai,Boutique,5,384,39726.9
160954,Hotel_953,London,Business,2,327,13436.0
160955,Hotel_954,Jaipur,Budget,3,878,26828.61
160956,Hotel_955,Bengaluru,Luxury,4,657,18048.27
160957,Hotel_956,Delhi,Boutique,3,259,38357.68
160958,Hotel_957,Singapore,Luxury,2,737,17465.74
160959,Hotel_958,Bengaluru,Boutique,2,730,44035.79
160960,Hotel_959,Bengaluru,Luxury,3,45,42813.91
160961,Hotel_960,Dubai,Luxury,2,738,9964.74
160962,Hotel_961,Dubai,Resort,4,1171,16482.57
160963,Hotel_962,Bengaluru,Budget,3,460,30450.9
160964,Hotel_963,London,Budget,3,75,4342.35
160965,Hotel_964,London,Resort,2,152,29090.41
160966,Hotel_965,Delhi,Boutique,3,720,22382.54
160967,Hotel_966,Goa,Boutique,3,927,19427.98
160968,Hotel_967,Jaipur,Luxury,3,879,49318.67
160969,Hotel_968,Dubai,Budget,2,696,40340.9
160970,Hotel_969,Bengaluru,Business,3,905,39236.35
160971,Hotel_970,Mumbai,Budget,5,823,3506.32
160972,Hotel_971,Delhi,Resort,2,534,20999.26
160973,Hotel_972,Singapore,Business,3,97,41891.9
160974,Hotel_973,Goa,Budget,2,188,22202.9
160975,Hotel_974,London,Boutique,3,88,15185.11
160976,Hotel_975,Delhi,Resort,4,459,16876.95
160977,Hotel_976,Bengaluru,Luxury,4,92,8567.91
160978,Hotel_977,Jaipur,Luxury,5,1099,19982.43
160979,Hotel_978,Goa,Business,2,1145,39169.99
160980,Hotel_979,Singapore,Budget,4,206,46297.27
160981,Hotel_980,London,Resort,5,312,11827.28
160982,Hotel_981,Delhi,Resort,4,30,49040.27
160983,Hotel_982,Dubai,Luxury,3,920,20271.27
160984,Hotel_983,London,Resort,3,1030,46986.72
160985,Hotel_984,Bengaluru,Resort,3,1130,46485.69
160986,Hotel_985,Singapore,Luxury,3,747,17511.66
160987,Hotel_986,Singapore,Boutique,4,354,12604.48
160988,Hotel_987,Goa,Budget,5,496,31335.66
160989,Hotel_988,Bengaluru,Budget,4,515,31799.32
160990,Hotel_989,Jaipur,Resort,4,126,18194.68
160991,Hotel_990,Delhi,Resort,4,801,39230.18
160992,Hotel_991,Bengaluru,Boutique,3,458,31091.47
160993,Hotel_992,Bengaluru,Boutique,4,255,12047.7
160994,Hotel_993,Goa,Resort,3,532,23843.84
160995,Hotel_994,Dubai,Luxury,3,1057,21680.64
160996,Hotel_995,Goa,Business,5,504,41777.36
160997,Hotel_996,Delhi,Luxury,2,515,5323.18
160998,Hotel_997,London,Budget,5,525,26446.17
160999,Hotel_998,Mumbai,Resort,3,238,22356.88
161000,Hotel_999,Mumbai,Boutique,4,730,11850.72
161001,Hotel_1000,Singapore,Resort,3,361,35514.57
161002,Hotel_1001,Delhi,Resort,4,303,16438.4
161003,Hotel_1002,London,Resort,5,117,36130.67
161004,Hotel_1003,London,Resort,3,385,6394.41
161005,Hotel_1004,Mumbai,Resort,3,1199,3201.47
161006,Hotel_1005,Delhi,Resort,3,1151,22589.53
161007,Hotel_1006,Bengaluru,Budget,3,756,40922.41
161008,Hotel_1007,Singapore,Resort,4,1028,48013.66
161009,Hotel_1008,Dubai,Luxury,3,614,42294.98
161010,Hotel_1009,Delhi,Luxury,4,499,28982.54
161011,Hotel_1010,Bengaluru,Resort,2,882,26184.68
161012,Hotel_1011,Singapore,Boutique,3,1199,3721.63
161013,Hotel_1012,Delhi,Boutique,2,788,15076.99
161014,Hotel_1013,Mumbai,Boutique,4,1084,12097.45
161015,Hotel_1014,Delhi,Resort,4,1149,23136.13
161016,Hotel_1015,Bengaluru,Business,2,404,36695.85
161017,Hotel_1016,Goa,Boutique,4,297,35532.06
161018,Hotel_1017,Delhi,Business,4,118,35538.42
161019,Hotel_1018,Mumbai,Resort,3,453,48368.99
161020,Hotel_1019,Bengaluru,Boutique,3,521,24410.44
161021,Hotel_1020,London,Resort,4,285,38794.33
161022,Hotel_1021,Delhi,Resort,4,395,41589.72
161023,Hotel_1022,Goa,Budget,4,458,12914.23
161024,Hotel_1023,Delhi,Business,2,348,10987.72
161025,Hotel_1024,Jaipur,Business,4,675,38979.8
161026,Hotel_1025,Jaipur,Business,2,40,11727.56
161027,Hotel_1026,Jaipur,Resort,4,659,36402.0
161028,Hotel_1027,Delhi,Budget,3,848,48190.41
161029,Hotel_1028,Mumbai,Resort,5,278,34492.21
161030,Hotel_1029,Goa,Resort,4,45,13284.43
161031,Hotel_1030,Jaipur,Budget,5,1068,45182.47
161032,Hotel_1031,Mumbai,Boutique,5,431,17688.53
161033,Hotel_1032,Bengaluru,Boutique,3,387,31818.82
161034,Hotel_1033,London,Business,4,467,31886.39
161035,Hotel_1034,Mumbai,Boutique,2,999,23619.04
161036,Hotel_1035,Bengaluru,Luxury,3,156,10130.12
161037,Hotel_1036,Mumbai,Business,4,1143,23965.28
161038,Hotel_1037,London,Luxury,4,714,19406.52
161039,Hotel_1038,London,Budget,2,955,18467.8
161040,Hotel_1039,Delhi,Resort,5,223,6021.61
161041,Hotel_1040,Delhi,Boutique,3,580,9502.78
161042,Hotel_1041,Singapore,Luxury,5,385,48394.75
161043,Hotel_1042,Delhi,Luxury,5,976,34122.03
161044,Hotel_1043,Delhi,Budget,5,1159,30941.2
161045,Hotel_1044,London,Budget,4,631,25824.31
161046,Hotel_1045,London,Boutique,2,550,36933.01
161047,Hotel_1046,Mumbai,Luxury,4,28,6044.8
161048,Hotel_1047,London,Luxury,3,1159,3606.35
161049,Hotel_1048,Dubai,Boutique,3,890,31430.52
161050,Hotel_1049,Delhi,Business,4,442,15457.89
161051,Hotel_1050,London,Business,4,455,37858.68
161052,Hotel_1051,Delhi,Luxury,3,993,43950.67
161053,Hotel_1052,London,Budget,3,666,34422.27
161054,Hotel_1053,Singapore,Luxury,4,573,26974.04
161055,Hotel_1054,Dubai,Business,5,739,18816.75
161056,Hotel_1055,Bengaluru,Boutique,3,37,41198.21
161057,Hotel_1056,Goa,Budget,4,779,43817.12
161058,Hotel_1057,Mumbai,Luxury,4,73,35188.2
161059,Hotel_1058,Bengaluru,Luxury,3,1006,45808.75
161060,Hotel_1059,Mumbai,Business,3,224,48301.51
161061,Hotel_1060,Delhi,Boutique,2,1009,17585.79
161062,Hotel_1061,Goa,Budget,4,181,4520.85
161063,Hotel_1062,Jaipur,Luxury,3,449,20353.36
161064,Hotel_1063,Bengaluru,Budget,3,275,2398.22
161065,Hotel_1064,Dubai,Business,4,725,33068.78
161066,Hotel_1065,Delhi,Resort,5,1042,28815.7
161067,Hotel_1066,Mumbai,Business,3,833,14172.84
161068,Hotel_1067,London,Budget,4,812,30950.97
161069,Hotel_1068,Delhi,Resort,4,779,18217.83
161070,Hotel_1069,Dubai,Business,3,247,49722.74
161071,Hotel_1070,Jaipur,Resort,5,461,45736.34
161072,Hotel_1071,London,Budget,3,277,46494.98
161073,Hotel_1072,Singapore,Budget,2,183,12148.56
161074,Hotel_1073,Delhi,Luxury,4,1137,47748.84
161075,Hotel_1074,Jaipur,Business,4,1122,35250.68
161076,Hotel_1075,London,Boutique,4,286,30450.88
161077,Hotel_1076,Jaipur,Business,2,774,33254.54
161078,Hotel_1077,Mumbai,Budget,2,124,17117.85
161079,Hotel_1078,London,Resort,2,889,17526.22
161080,Hotel_1079,Dubai,Resort,4,338,48481.71
161081,Hotel_1080,Singapore,Business,2,1018,11005.67
161082,Hotel_1081,Delhi,Luxury,2,609,8336.97
161083,Hotel_1082,Goa,Business,3,1170,33613.1
161084,Hotel_1083,Jaipur,Boutique,4,614,15434.74
161085,Hotel_1084,Jaipur,Luxury,4,815,24447.09
161086,Hotel_1085,Singapore,Luxury,4,927,9592.09
161087,Hotel_1086,Delhi,Luxury,4,694,37021.3
161088,Hotel_1087,London,Boutique,2,588,44093.08
161089,Hotel_1088,Jaipur,Luxury,2,654,22833.17
161090,Hotel_1089,Dubai,Business,5,1007,45973.17
161091,Hotel_1090,Singapore,Luxury,4,167,36479.3
161092,Hotel_1091,Mumbai,Boutique,5,73,21633.19
161093,Hotel_1092,Dubai,Budget,2,87,32999.2
161094,Hotel_1093,Bengaluru,Luxury,4,324,3327.14
161095,Hotel_1094,Dubai,Luxury,4,927,31933.99
161096,Hotel_1095,London,Resort,4,1079,44118.74
161097,Hotel_1096,Bengaluru,Business,3,136,27834.13
161098,Hotel_1097,Goa,Budget,3,705,2926.75
161099,Hotel_1098,Delhi,Budget,3,335,42680.93
161100,Hotel_1099,Goa,Business,2,1052,20552.29
161101,Hotel_1100,Jaipur,Business,4,632,34133.22
161102,Hotel_1101,Jaipur,Budget,3,646,26073.35
161103,Hotel_1102,Jaipur,Luxury,4,662,27758.48
161104,Hotel_1103,Delhi,Business,3,476,49016.94
161105,Hotel_1104,Jaipur,Budget,3,982,25016.24
161106,Hotel_1105,Mumbai,Boutique,4,526,26172.05
161107,Hotel_1106,Bengaluru,Resort,2,533,7446.64
161108,Hotel_1107,Goa,Budget,3,844,42099.08
161109,Hotel_1108,London,Luxury,3,899,39185.08
161110,Hotel_1109,Mumbai,Resort,4,1191,33764.87
161111,Hotel_1110,Delhi,Resort,4,896,47514.3
161112,Hotel_1111,Bengaluru,Business,5,836,20745.43
161113,Hotel_1112,Mumbai,Business,3,540,46205.85
161114,Hotel_1113,Goa,Budget,4,771,8361.01
161115,Hotel_1114,Delhi,Business,5,63,17017.92
161116,Hotel_1115,Mumbai,Business,3,1140,3791.57
161117,Hotel_1116,Jaipur,Business,5,559,36340.27
161118,Hotel_1117,London,Business,3,665,34677.35
161119,Hotel_1118,Bengaluru,Resort,3,165,6933.97
161120,Hotel_1119,Jaipur,Boutique,3,1116,32357.59
161121,Hotel_1120,Goa,Resort,5,1104,10038.11
161122,Hotel_1121,Dubai,Boutique,4,561,34934.13
161123,Hotel_1122,Goa,Luxury,3,156,44625.76
161124,Hotel_1123,London,Budget,3,997,13689.64
161125,Hotel_1124,Dubai,Boutique,5,977,43841.06
161126,Hotel_1125,Dubai,Resort,5,860,31365.74
161127,Hotel_1126,Dubai,Resort,2,1025,29223.78
161128,Hotel_1127,Bengaluru,Budget,4,399,28961.3
161129,Hotel_1128,Dubai,Boutique,2,84,6896.52
161130,Hotel_1129,Bengaluru,Luxury,3,1191,46366.92
161131,Hotel_1130,Singapore,Luxury,4,242,11303.83
161132,Hotel_1131,London,Resort,4,965,38688.41
161133,Hotel_1132,Goa,Budget,5,814,46088.81
161134,Hotel_1133,London,Business,5,1100,10974.9
161135,Hotel_1134,Singapore,Budget,3,1122,19635.22
161136,Hotel_1135,Dubai,Boutique,3,430,35247.61
161137,Hotel_1136,Singapore,Resort,3,621,48338.18
161138,Hotel_1137,Singapore,Resort,3,663,18201.46
161139,Hotel_1138,Jaipur,Resort,2,530,12947.01
161140,Hotel_1139,Bengaluru,Business,4,1116,42663.69
161141,Hotel_1140,Dubai,Business,2,1010,37477.87
161142,Hotel_1141,Singapore,Resort,3,50,37288.75
161143,Hotel_1142,Singapore,Business,5,863,40119.94
161144,Hotel_1143,Mumbai,Resort,2,762,11111.28
161145,Hotel_1144,Bengaluru,Resort,4,1162,17014.51
161146,Hotel_1145,Bengaluru,Boutique,5,756,9605.8
161147,Hotel_1146,Delhi,Business,4,372,40436.48
161148,Hotel_1147,Delhi,Budget,4,50,25442.1
161149,Hotel_1148,Mumbai,Business,4,352,9089.49
161150,Hotel_1149,Bengaluru,Resort,4,117,25446.47
161151,Hotel_1150,Singapore,Boutique,4,654,49762.96
161152,Hotel_1151,Mumbai,Business,4,662,5413.94
161153,Hotel_1152,Bengaluru,Luxury,4,1001,20415.04
161154,Hotel_1153,Delhi,Budget,4,69,21874.87
161155,Hotel_1154,London,Business,4,231,16875.1
161156,Hotel_1155,Dubai,Resort,5,745,43834.7
161157,Hotel_1156,Dubai,Boutique,4,204,15239.38
161158,Hotel_1157,London,Resort,4,225,9199.96
161159,Hotel_1158,Dubai,Business,2,20,42317.3
161160,Hotel_1159,Delhi,Business,3,38,17105.14
161161,Hotel_1160,Dubai,Luxury,3,108,19555.35
161162,Hotel_1161,Delhi,Resort,3,854,31133.06
161163,Hotel_1162,Delhi,Boutique,3,295,33238.0
161164,Hotel_1163,Goa,Budget,3,405,9711.27
161165,Hotel_1164,Dubai,Boutique,3,609,1702.11
161166,Hotel_1165,Mumbai,Business,5,356,15614.24
161167,Hotel_1166,Goa,Business,5,292,22163.96
161168,Hotel_1167,London,Luxury,3,769,35287.16
161169,Hotel_1168,Dubai,Luxury,4,530,29671.15
161170,Hotel_1169,Singapore,Boutique,5,410,18527.43
161171,Hotel_1170,Goa,Resort,4,656,22179.68
161172,Hotel_1171,Bengaluru,Budget,3,513,31481.14
161173,Hotel_1172,Bengaluru,Budget,5,1121,32888.3
161174,Hotel_1173,Dubai,Resort,2,306,43316.74
161175,Hotel_1174,Dubai,Budget,2,641,41977.53
161176,Hotel_1175,Goa,Boutique,4,99,34305.27
161177,Hotel_1176,Dubai,Boutique,4,97,9445.07
161178,Hotel_1177,Bengaluru,Boutique,4,256,12802.75
161179,Hotel_1178,Singapore,Boutique,4,867,31171.51
161180,Hotel_1179,Goa,Budget,4,683,18065.65
161181,Hotel_1180,Jaipur,Budget,2,85,1287.08
161182,Hotel_1181,Jaipur,Luxury,3,795,32034.56
161183,Hotel_1182,Delhi,Luxury,3,500,2881.64
161184,Hotel_1183,Singapore,Resort,3,377,19871.15
161185,Hotel_1184,Delhi,Business,4,430,37408.1
161186,Hotel_1185,Bengaluru,Boutique,4,369,32254.27
161187,Hotel_1186,Dubai,Resort,3,1013,23852.31
161188,Hotel_1187,Bengaluru,Boutique,5,157,19690.35
161189,Hotel_1188,Dubai,Budget,3,642,20917.58
161190,Hotel_1189,London,Budget,4,772,7136.45
161191,Hotel_1190,Jaipur,Boutique,5,87,17541.21
161192,Hotel_1191,Singapore,Business,4,1060,25455.84
161193,Hotel_1192,Delhi,Budget,5,338,46405.96
161194,Hotel_1193,Delhi,Resort,3,111,3570.22
161195,Hotel_1194,Jaipur,Boutique,5,143,16820.66
161196,Hotel_1195,Delhi,Budget,2,352,34934.58
161197,Hotel_1196,Dubai,Luxury,4,23,31478.25
161198,Hotel_1197,Bengaluru,Luxury,5,746,6064.05
161199,Hotel_1198,Singapore,Resort,3,1154,3660.86
161200,Hotel_1199,Singapore,Boutique,5,389,19535.09
161201,Hotel_1200,Jaipur,Boutique,3,572,42000.73
161202,Hotel_1201,Singapore,Budget,4,590,31475.09
161203,Hotel_1202,Mumbai,Boutique,5,559,15850.38
161204,Hotel_1203,Singapore,Luxury,3,477,49105.1
161205,Hotel_1204,Delhi,Budget,2,946,7619.92
161206,Hotel_1205,Delhi,Business,5,304,13865.51
161207,Hotel_1206,Jaipur,Budget,4,696,46410.19
161208,Hotel_1207,Jaipur,Resort,3,383,23948.96
161209,Hotel_1208,Singapore,Luxury,4,775,32396.19
161210,Hotel_1209,Dubai,Business,4,552,15365.17
161211,Hotel_1210,Dubai,Resort,3,126,35158.38
161212,Hotel_1211,Dubai,Boutique,3,41,45987.52
161213,Hotel_1212,Goa,Boutique,5,423,27535.19
161214,Hotel_1213,Delhi,Business,4,473,47912.67
161215,Hotel_1214,Jaipur,Boutique,5,758,41656.31
161216,Hotel_1215,London,Luxury,5,690,13776.05
161217,Hotel_1216,Bengaluru,Business,2,433,40895.87
161218,Hotel_1217,London,Luxury,4,316,49990.17
161219,Hotel_1218,Mumbai,Business,2,833,3748.79
161220,Hotel_1219,Dubai,Boutique,3,455,15553.98
161221,Hotel_1220,Goa,Resort,2,61,33400.86
161222,Hotel_1221,Mumbai,Luxury,5,512,35116.64
161223,Hotel_1222,Mumbai,Resort,3,481,27945.09
161224,Hotel_1223,Jaipur,Luxury,4,468,12425.96
161225,Hotel_1224,London,Luxury,4,120,47850.09
161226,Hotel_1225,Goa,Luxury,2,161,10673.25
161227,Hotel_1226,Jaipur,Boutique,2,232,42188.09
161228,Hotel_1227,London,Luxury,5,994,2667.59
161229,Hotel_1228,Singapore,Luxury,4,311,4884.4
161230,Hotel_1229,Delhi,Business,2,882,37188.05
161231,Hotel_1230,Singapore,Business,3,675,2737.89
161232,Hotel_1231,Dubai,Luxury,4,778,2354.15
161233,Hotel_1232,Delhi,Boutique,5,731,42494.49
161234,Hotel_1233,Bengaluru,Boutique,5,552,26272.88
161235,Hotel_1234,Mumbai,Resort,3,504,22088.02
161236,Hotel_1235,Mumbai,Business,3,315,44024.94
161237,Hotel_1236,London,Resort,4,1063,41145.1
161238,Hotel_1237,Mumbai,Boutique,4,25,8925.96
161239,Hotel_1238,Bengaluru,Business,2,36,11687.14
161240,Hotel_1239,Singapore,Business,3,177,8693.83
161241,Hotel_1240,Jaipur,Budget,3,25,16301.41
161242,Hotel_1241,Bengaluru,Boutique,5,1000,2568.91
161243,Hotel_1242,Delhi,Budget,3,909,14785.23
161244,Hotel_1243,Jaipur,Boutique,3,1010,12220.48
161245,Hotel_1244,Singapore,Resort,4,73,9122.78
161246,Hotel_1245,London,Boutique,3,407,36809.76
161247,Hotel_1246,Bengaluru,Luxury,3,326,36364.54
161248,Hotel_1247,Singapore,Budget,3,82,44956.79
161249,Hotel_1248,Goa,Boutique,5,804,12643.77
161250,Hotel_1249,Dubai,Business,2,293,14425.75
161251,Hotel_1250,Goa,Resort,2,817,13364.36
161252,Hotel_1251,Goa,Luxury,5,435,24625.7
161253,Hotel_1252,Mumbai,Business,4,729,22652.86
161254,Hotel_1253,Mumbai,Resort,3,334,3395.56
161255,Hotel_1254,Dubai,Budget,3,445,35586.5
161256,Hotel_1255,Singapore,Budget,5,319,21891.2
161257,Hotel_1256,Bengaluru,Budget,4,959,26342.21
161258,Hotel_1257,Dubai,Business,5,326,21202.25
161259,Hotel_1258,Dubai,Boutique,4,819,32224.63
161260,Hotel_1259,Dubai,Budget,5,614,48552.48
161261,Hotel_1260,Goa,Resort,2,1167,22441.0
161262,Hotel_1261,Goa,Luxury,4,1073,42716.03
161263,Hotel_1262,Bengaluru,Luxury,3,886,24649.05
161264,Hotel_1263,London,Budget,5,895,45695.13
161265,Hotel_1264,Goa,Luxury,3,1172,45630.58
161266,Hotel_1265,Goa,Budget,3,900,18147.1
161267,Hotel_1266,Singapore,Luxury,5,961,19471.22
161268,Hotel_1267,Jaipur,Budget,3,459,22216.24
161269,Hotel_1268,Mumbai,Budget,3,718,2450.48
161270,Hotel_1269,Goa,Budget,2,70,34159.16
161271,Hotel_1270,Jaipur,Resort,3,229,49834.84
161272,Hotel_1271,London,Luxury,3,351,13718.94
161273,Hotel_1272,Bengaluru,Budget,3,48,47372.82
161274,Hotel_1273,Dubai,Business,3,639,18684.26
161275,Hotel_1274,Singapore,Business,2,246,39755.07
161276,Hotel_1275,Delhi,Boutique,3,289,15260.15
161277,Hotel_1276,Goa,Resort,4,1124,17083.04
161278,Hotel_1277,Delhi,Business,3,511,41622.0
161279,Hotel_1278,Mumbai,Business,4,482,48552.89
161280,Hotel_1279,Singapore,Business,4,389,39998.94
161281,Hotel_1280,Mumbai,Resort,4,71,48213.55
161282,Hotel_1281,London,Luxury,3,305,46723.34
161283,Hotel_1282,Mumbai,Business,5,902,38105.46
161284,Hotel_1283,Mumbai,Boutique,4,732,20412.45
161285,Hotel_1284,London,Luxury,3,1057,36929.66
161286,Hotel_1285,Singapore,Budget,3,686,40130.49
161287,Hotel_1286,Goa,Business,4,555,31909.11
161288,Hotel_1287,London,Business,3,693,7520.85
161289,Hotel_1288,Jaipur,Boutique,3,891,18488.92
161290,Hotel_1289,Mumbai,Budget,5,321,34068.31
161291,Hotel_1290,Dubai,Budget,4,907,47453.42
161292,Hotel_1291,Bengaluru,Business,4,840,29262.69
161293,Hotel_1292,Singapore,Luxury,3,866,12105.78
161294,Hotel_1293,London,Luxury,4,635,33122.75
161295,Hotel_1294,Dubai,Resort,3,366,22196.05
161296,Hotel_1295,Jaipur,Boutique,3,873,11236.1
161297,Hotel_1296,Mumbai,Resort,4,403,40761.01
161298,Hotel_1297,Goa,Boutique,3,983,32157.97
161299,Hotel_1298,Mumbai,Resort,5,276,38731.92
161300,Hotel_1299,London,Budget,4,416,40473.29
161301,Hotel_1300,Delhi,Resort,4,916,28998.15
161302,Hotel_1301,Jaipur,Business,5,512,39541.68
161303,Hotel_1302,Jaipur,Business,4,516,25058.46
161304,Hotel_1303,Jaipur,Budget,3,491,29632.82
161305,Hotel_1304,Bengaluru,Boutique,2,116,35334.42
161306,Hotel_1305,Mumbai,Business,4,973,22366.98
161307,Hotel_1306,Dubai,Business,3,291,26966.56
161308,Hotel_1307,Goa,Business,3,117,19018.4
161309,Hotel_1308,Delhi,Resort,2,1085,21283.46
161310,Hotel_1309,Bengaluru,Budget,3,348,4047.96
161311,Hotel_1310,Bengaluru,Boutique,3,440,23836.43
161312,Hotel_1311,Singapore,Resort,3,771,35357.76
161313,Hotel_1312,London,Luxury,2,587,2648.54
161314,Hotel_1313,Delhi,Luxury,3,592,37363.16
161315,Hotel_1314,Delhi,Luxury,4,1019,4410.65
161316,Hotel_1315,Goa,Luxury,3,162,36412.85
161317,Hotel_1316,London,Luxury,4,984,17492.34
161318,Hotel_1317,London,Boutique,3,235,49572.54
161319,Hotel_1318,Mumbai,Business,3,1162,33764.7
161320,Hotel_1319,Bengaluru,Business,4,1187,24324.64
161321,Hotel_1320,Singapore,Luxury,3,786,43683.26
161322,Hotel_1321,London,Resort,2,89,15530.4
161323,Hotel_1322,Goa,Budget,3,317,19183.34
161324,Hotel_1323,Goa,Budget,4,1090,4878.05
161325,Hotel_1324,Bengaluru,Boutique,4,380,39095.28
161326,Hotel_1325,Goa,Budget,4,233,28438.4
161327,Hotel_1326,Dubai,Boutique,2,348,46161.26
161328,Hotel_1327,Singapore,Business,2,722,15775.48
161329,Hotel_1328,London,Business,3,1127,23151.74
161330,Hotel_1329,Mumbai,Resort,4,852,24914.98
161331,Hotel_1330,Jaipur,Resort,2,1056,48298.45
161332,Hotel_1331,Delhi,Resort,4,1190,39901.69
161333,Hotel_1332,Bengaluru,Boutique,3,869,39560.22
161334,Hotel_1333,Mumbai,Budget,2,991,11794.6
161335,Hotel_1334,Singapore,Budget,3,129,1703.28
161336,Hotel_1335,Bengaluru,Business,4,32,42343.2
161337,Hotel_1336,London,Budget,2,929,20269.04
161338,Hotel_1337,Mumbai,Luxury,4,752,44605.82
161339,Hotel_1338,Delhi,Boutique,5,669,1340.62
161340,Hotel_1339,Singapore,Budget,4,1130,33103.01
161341,Hotel_1340,Delhi,Resort,3,521,49957.43
161342,Hotel_1341,Mumbai,Resort,4,234,48447.95
161343,Hotel_1342,Singapore,Budget,5,1093,12098.52
161344,Hotel_1343,Goa,Resort,3,807,38011.29
161345,Hotel_1344,Dubai,Luxury,4,922,47579.83
161346,Hotel_1345,Delhi,Resort,4,352,13619.35
161347,Hotel_1346,Goa,Business,2,701,10221.2
161348,Hotel_1347,Goa,Budget,4,647,13361.21
161349,Hotel_1348,Bengaluru,Business,3,952,14978.46
161350,Hotel_1349,Jaipur,Budget,3,220,48060.52
161351,Hotel_1350,Singapore,Budget,4,646,4674.31
161352,Hotel_1351,Bengaluru,Luxury,4,1020,32553.52
161353,Hotel_1352,Singapore,Resort,2,759,39121.36
161354,Hotel_1353,Singapore,Boutique,4,125,19214.76
161355,Hotel_1354,Delhi,Luxury,5,335,36056.35
161356,Hotel_1355,Dubai,Business,5,906,3851.18
161357,Hotel_1356,Mumbai,Budget,3,305,12445.46
161358,Hotel_1357,Delhi,Resort,4,538,34692.08
161359,Hotel_1358,Delhi,Boutique,2,258,21182.3
161360,Hotel_1359,Jaipur,Budget,3,743,30419.05
161361,Hotel_1360,Singapore,Resort,2,40,32509.01
161362,Hotel_1361,Mumbai,Resort,5,1000,29453.04
161363,Hotel_1362,London,Luxury,4,777,41936.9
161364,Hotel_1363,Bengaluru,Budget,2,557,48876.1
161365,Hotel_1364,Jaipur,Luxury,4,685,28341.28
161366,Hotel_1365,Singapore,Luxury,3,954,21391.45
161367,Hotel_1366,Goa,Luxury,3,61,23928.82
161368,Hotel_1367,Mumbai,Resort,3,352,43884.72
161369,Hotel_1368,Dubai,Boutique,3,950,24073.05
161370,Hotel_1369,Jaipur,Boutique,3,802,1301.62
161371,Hotel_1370,Delhi,Luxury,4,797,14934.73
161372,Hotel_1371,Dubai,Luxury,3,31,31173.91
161373,Hotel_1372,Mumbai,Business,4,1154,14830.35
161374,Hotel_1373,London,Boutique,5,70,44908.56
161375,Hotel_1374,Bengaluru,Boutique,4,319,38674.07
161376,Hotel_1375,Goa,Luxury,2,763,5415.9
161377,Hotel_1376,Goa,Business,4,861,17319.98
161378,Hotel_1377,London,Budget,4,426,24583.91
161379,Hotel_1378,Goa,Budget,3,876,18046.65
161380,Hotel_1379,Delhi,Boutique,4,161,6799.37
161381,Hotel_1380,Goa,Luxury,4,557,4629.03
161382,Hotel_1381,Singapore,Business,4,306,17316.85
161383,Hotel_1382,Goa,Resort,4,922,39063.71
161384,Hotel_1383,Jaipur,Luxury,2,522,7754.78
161385,Hotel_1384,London,Luxury,3,154,27430.2
161386,Hotel_1385,Singapore,Business,5,1090,22489.29
161387,Hotel_1386,Dubai,Budget,2,782,3051.51
161388,Hotel_1387,Jaipur,Resort,3,274,7874.44
161389,Hotel_1388,Delhi,Resort,3,253,18582.91
161390,Hotel_1389,Dubai,Business,5,254,25362.82
161391,Hotel_1390,Bengaluru,Business,4,1070,24971.07
161392,Hotel_1391,Mumbai,Luxury,3,98,19134.1
161393,Hotel_1392,Bengaluru,Resort,4,821,1443.25
161394,Hotel_1393,Delhi,Resort,4,885,24749.09
161395,Hotel_1394,Goa,Luxury,4,1108,22291.82
161396,Hotel_1395,Bengaluru,Boutique,4,116,3324.28
161397,Hotel_1396,Delhi,Resort,5,101,43627.05
161398,Hotel_1397,Singapore,Business,4,511,9213.23
161399,Hotel_1398,Jaipur,Business,2,902,2752.1
161400,Hotel_1399,London,Business,5,643,45618.19
161401,Hotel_1400,Jaipur,Business,4,634,32664.17
161402,Hotel_1401,Mumbai,Business,2,1067,46949.3
161403,Hotel_1402,Jaipur,Resort,4,790,32932.06
161404,Hotel_1403,Mumbai,Luxury,3,395,12848.95
161405,Hotel_1404,Mumbai,Luxury,3,136,23176.13
161406,Hotel_1405,Mumbai,Budget,4,361,31912.86
161407,Hotel_1406,Goa,Boutique,3,254,22509.49
161408,Hotel_1407,London,Luxury,3,359,46707.15
161409,Hotel_1408,Bengaluru,Boutique,5,317,16151.97
161410,Hotel_1409,Bengaluru,Luxury,4,492,6659.13
161411,Hotel_1410,Jaipur,Boutique,3,396,17059.89
161412,Hotel_1411,Delhi,Boutique,4,1124,7873.02
161413,Hotel_1412,Singapore,Resort,2,1043,26623.51
161414,Hotel_1413,Bengaluru,Budget,4,406,41357.56
161415,Hotel_1414,Mumbai,Boutique,3,987,45455.39
161416,Hotel_1415,Singapore,Business,4,302,40688.58
161417,Hotel_1416,Delhi,Budget,4,1132,9987.98
161418,Hotel_1417,Jaipur,Budget,4,816,6123.16
161419,Hotel_1418,Bengaluru,Boutique,4,916,7861.12
161420,Hotel_1419,Bengaluru,Resort,3,273,9291.79
161421,Hotel_1420,Singapore,Boutique,3,695,41933.02
161422,Hotel_1421,Singapore,Boutique,4,129,33498.81
161423,Hotel_1422,Bengaluru,Boutique,4,429,49953.5
161424,Hotel_1423,Goa,Resort,4,385,24226.18
161425,Hotel_1424,Goa,Budget,4,1134,26846.23
161426,Hotel_1425,Jaipur,Boutique,2,988,39776.6
161427,Hotel_1426,Singapore,Budget,3,570,46358.63
161428,Hotel_1427,Delhi,Boutique,5,537,48763.84
161429,Hotel_1428,Delhi,Business,3,1023,26050.07
161430,Hotel_1429,London,Resort,5,661,28584.1
161431,Hotel_1430,Delhi,Boutique,3,1090,35522.96
161432,Hotel_1431,Bengaluru,Business,3,971,5525.73
161433,Hotel_1432,Singapore,Boutique,4,1007,12356.03
161434,Hotel_1433,Singapore,Business,3,530,38673.22
161435,Hotel_1434,London,Luxury,4,415,37764.86
161436,Hotel_1435,Jaipur,Luxury,3,41,49102.27
161437,Hotel_1436,London,Budget,4,821,24729.64
161438,Hotel_1437,Delhi,Budget,3,854,11736.06
161439,Hotel_1438,London,Luxury,5,525,40849.73
161440,Hotel_1439,Jaipur,Luxury,4,607,35715.15
161441,Hotel_1440,Dubai,Business,2,548,4455.95
161442,Hotel_1441,Delhi,Boutique,3,821,22719.78
161443,Hotel_1442,Delhi,Boutique,2,391,36342.72
161444,Hotel_1443,London,Luxury,2,686,21947.38
161445,Hotel_1444,London,Luxury,4,1050,15518.36
161446,Hotel_1445,London,Budget,4,472,35396.11
161447,Hotel_1446,Goa,Resort,4,953,46703.24
161448,Hotel_1447,Bengaluru,Resort,3,579,25325.58
161449,Hotel_1448,Goa,Luxury,3,45,40446.13
161450,Hotel_1449,Bengaluru,Business,3,448,29501.25
161451,Hotel_1450,Jaipur,Luxury,2,338,40039.34
161452,Hotel_1451,Mumbai,Budget,3,232,48242.92
161453,Hotel_1452,Mumbai,Budget,3,617,18428.43
161454,Hotel_1453,Dubai,Luxury,3,157,41059.33
161455,Hotel_1454,Jaipur,Budget,4,1110,41289.17
161456,Hotel_1455,Jaipur,Business,2,1180,10781.95
161457,Hotel_1456,Delhi,Business,4,36,35905.33
161458,Hotel_1457,Jaipur,Boutique,4,377,42886.04
161459,Hotel_1458,Jaipur,Luxury,2,149,34321.68
161460,Hotel_1459,Dubai,Luxury,3,380,26764.94
161461,Hotel_1460,Mumbai,Boutique,5,1053,40279.15
161462,Hotel_1461,Delhi,Luxury,2,1013,31859.31
161463,Hotel_1462,London,Budget,3,75,31645.16
161464,Hotel_1463,Singapore,Budget,2,1190,41104.49
161465,Hotel_1464,Bengaluru,Luxury,2,311,36951.72
161466,Hotel_1465,Dubai,Resort,4,733,7282.21
161467,Hotel_1466,Delhi,Boutique,4,725,16444.48
161468,Hotel_1467,Singapore,Resort,2,264,2382.07
161469,Hotel_1468,Singapore,Boutique,3,1052,16357.06
161470,Hotel_1469,Delhi,Luxury,3,835,15388.72
161471,Hotel_1470,Singapore,Luxury,3,1114,34942.02
161472,Hotel_1471,Jaipur,Luxury,4,665,7770.64
161473,Hotel_1472,London,Boutique,3,1049,5290.83
161474,Hotel_1473,Goa,Resort,3,326,18977.18
161475,Hotel_1474,Jaipur,Resort,4,785,1398.98
161476,Hotel_1475,Jaipur,Boutique,4,967,1665.67
161477,Hotel_1476,Delhi,Business,3,152,17224.99
161478,Hotel_1477,Jaipur,Boutique,2,1042,23382.16
161479,Hotel_1478,Bengaluru,Budget,3,931,42143.57
161480,Hotel_1479,Bengaluru,Budget,3,965,3589.25
161481,Hotel_1480,Mumbai,Business,4,1151,43624.78
161482,Hotel_1481,Delhi,Luxury,3,550,39399.68
161483,Hotel_1482,Bengaluru,Business,3,983,7182.09
161484,Hotel_1483,Goa,Luxury,3,468,48575.22
161485,Hotel_1484,London,Boutique,3,506,39683.03
161486,Hotel_1485,Mumbai,Luxury,2,867,39012.52
161487,Hotel_1486,Bengaluru,Luxury,3,1173,16279.42
161488,Hotel_1487,Delhi,Luxury,3,684,43090.68
161489,Hotel_1488,Delhi,Budget,4,1169,48320.2
161490,Hotel_1489,Mumbai,Resort,4,983,48746.54
161491,Hotel_1490,Goa,Boutique,4,983,8850.71
161492,Hotel_1491,London,Resort,3,548,25762.17
161493,Hotel_1492,Mumbai,Budget,3,987,49623.92
161494,Hotel_1493,Jaipur,Boutique,4,878,49274.43
161495,Hotel_1494,Singapore,Budget,4,156,5737.72
161496,Hotel_1495,Goa,Resort,3,514,43792.47
161497,Hotel_1496,Bengaluru,Luxury,4,76,37530.83
161498,Hotel_1497,Goa,Business,4,796,40335.58
161499,Hotel_1498,Jaipur,Luxury,3,1163,24266.06
161500,Hotel_1499,Singapore,Business,4,496,37090.51
161501,Hotel_1500,London,Luxury,3,1143,45814.98
161502,Hotel_1501,Singapore,Luxury,2,47,20211.96
161503,Hotel_1502,London,Luxury,3,967,24414.1
161504,Hotel_1503,Bengaluru,Business,5,174,28827.79
161505,Hotel_1504,Dubai,Luxury,2,1124,14090.03
161506,Hotel_1505,Jaipur,Luxury,3,397,39821.32
161507,Hotel_1506,Goa,Resort,5,95,48975.84
161508,Hotel_1507,Jaipur,Boutique,4,872,18155.09
161509,Hotel_1508,Bengaluru,Budget,4,842,21901.96
161510,Hotel_1509,Dubai,Business,2,1168,43911.99
161511,Hotel_1510,Dubai,Boutique,3,476,46308.27
161512,Hotel_1511,Dubai,Budget,2,221,3056.28
161513,Hotel_1512,London,Boutique,2,1012,22617.42
161514,Hotel_1513,Jaipur,Resort,2,645,35809.92
161515,Hotel_1514,Jaipur,Resort,4,184,30692.21
161516,Hotel_1515,Goa,Resort,2,824,28931.93
161517,Hotel_1516,Delhi,Boutique,4,271,32849.75
161518,Hotel_1517,Goa,Budget,4,1044,44977.41
161519,Hotel_1518,Dubai,Business,4,555,2779.17
161520,Hotel_1519,Dubai,Budget,5,211,18362.4
161521,Hotel_1520,Delhi,Boutique,3,739,26519.59
161522,Hotel_1521,London,Budget,5,1143,23443.37
161523,Hotel_1522,Bengaluru,Boutique,5,539,43571.85
161524,Hotel_1523,Delhi,Boutique,4,1084,34681.66
161525,Hotel_1524,Mumbai,Budget,2,257,37571.89
161526,Hotel_1525,Bengaluru,Boutique,4,853,38379.74
161527,Hotel_1526,Singapore,Luxury,2,612,44134.8
161528,Hotel_1527,Jaipur,Business,3,363,8349.49
161529,Hotel_1528,Goa,Business,5,719,10355.89
161530,Hotel_1529,Dubai,Resort,3,457,2562.51
161531,Hotel_1530,Singapore,Resort,5,1001,11483.57
161532,Hotel_1531,London,Budget,4,562,12191.99
161533,Hotel_1532,Delhi,Business,3,1197,40755.21
161534,Hotel_1533,Mumbai,Business,2,523,9703.57
161535,Hotel_1534,London,Business,3,788,4376.19
161536,Hotel_1535,London,Boutique,4,797,37241.2
161537,Hotel_1536,Dubai,Business,3,1072,32044.93
161538,Hotel_1537,Bengaluru,Boutique,4,882,26991.66
161539,Hotel_1538,Goa,Budget,5,191,41984.59
161540,Hotel_1539,Singapore,Resort,3,1084,39320.31
161541,Hotel_1540,Jaipur,Resort,2,91,22480.84
161542,Hotel_1541,Goa,Resort,2,982,1541.97
161543,Hotel_1542,Mumbai,Budget,2,163,33083.8
161544,Hotel_1543,Delhi,Resort,3,987,9400.81
161545,Hotel_1544,Jaipur,Resort,5,204,42298.18
161546,Hotel_1545,London,Resort,4,956,19934.73
161547,Hotel_1546,Dubai,Budget,4,512,4321.95
161548,Hotel_1547,Jaipur,Luxury,2,114,38401.78
161549,Hotel_1548,Goa,Resort,5,812,22620.6
161550,Hotel_1549,Mumbai,Luxury,2,316,13849.08
161551,Hotel_1550,Bengaluru,Boutique,4,935,16037.7
161552,Hotel_1551,Singapore,Resort,5,912,26095.79
161553,Hotel_1552,Delhi,Resort,4,568,28768.99
161554,Hotel_1553,Singapore,Business,3,263,6170.65
161555,Hotel_1554,Jaipur,Budget,5,1082,31312.35
161556,Hotel_1555,Delhi,Resort,3,119,44179.82
161557,Hotel_1556,London,Business,4,1076,48070.84
161558,Hotel_1557,Bengaluru,Business,3,1155,36628.03
161559,Hotel_1558,Bengaluru,Business,2,569,17355.94
161560,Hotel_1559,Goa,Resort,4,1130,24118.91
161561,Hotel_1560,Bengaluru,Luxury,4,1125,25213.42
161562,Hotel_1561,Mumbai,Resort,4,460,18951.85
161563,Hotel_1562,Bengaluru,Budget,4,928,24631.2
161564,Hotel_1563,Singapore,Luxury,3,1128,49304.44
161565,Hotel_1564,Jaipur,Luxury,4,1068,39369.27
161566,Hotel_1565,Dubai,Business,4,383,14937.07
161567,Hotel_1566,Dubai,Luxury,2,329,46446.18
161568,Hotel_1567,Delhi,Luxury,3,859,14959.35
161569,Hotel_1568,Mumbai,Business,4,535,15703.42
161570,Hotel_1569,Dubai,Boutique,3,684,22019.19
161571,Hotel_1570,Mumbai,Resort,3,812,26106.62
161572,Hotel_1571,Mumbai,Luxury,2,351,5804.66
161573,Hotel_1572,Mumbai,Boutique,3,509,3411.31
161574,Hotel_1573,London,Resort,5,266,46703.54
161575,Hotel_1574,London,Resort,5,649,49629.81
161576,Hotel_1575,Bengaluru,Business,3,689,5932.88
161577,Hotel_1576,Singapore,Luxury,4,206,28647.13
161578,Hotel_1577,Delhi,Resort,3,40,1326.36
161579,Hotel_1578,Bengaluru,Boutique,2,300,17542.53
161580,Hotel_1579,Goa,Resort,4,849,22065.15
161581,Hotel_1580,Mumbai,Boutique,5,141,11078.9
161582,Hotel_1581,Delhi,Boutique,2,605,24784.75
161583,Hotel_1582,Delhi,Budget,3,1128,23585.37
161584,Hotel_1583,London,Boutique,5,1093,6299.98
161585,Hotel_1584,Dubai,Boutique,4,1078,26340.75
161586,Hotel_1585,Mumbai,Business,5,544,11974.43
161587,Hotel_1586,Mumbai,Luxury,5,1161,48487.53
161588,Hotel_1587,Mumbai,Business,3,107,8943.83
161589,Hotel_1588,Goa,Budget,3,325,24667.77
161590,Hotel_1589,London,Budget,4,102,42524.13
161591,Hotel_1590,Delhi,Budget,2,497,47272.73
161592,Hotel_1591,London,Business,5,1017,18594.56
161593,Hotel_1592,Mumbai,Resort,3,485,16560.06
161594,Hotel_1593,Goa,Resort,3,124,7149.92
161595,Hotel_1594,London,Budget,3,425,43311.31
161596,Hotel_1595,Dubai,Luxury,4,579,42073.59
161597,Hotel_1596,Jaipur,Budget,5,571,3034.11
161598,Hotel_1597,Mumbai,Budget,5,244,5364.09
161599,Hotel_1598,London,Budget,3,672,39887.58
161600,Hotel_1599,Delhi,Budget,3,300,2418.04
161601,Hotel_1600,Bengaluru,Budget,5,136,20625.95
161602,Hotel_1601,Mumbai,Luxury,4,1053,7568.61
161603,Hotel_1602,Mumbai,Business,3,906,36268.86
161604,Hotel_1603,Singapore,Luxury,4,184,16025.3
161605,Hotel_1604,Bengaluru,Boutique,4,964,32629.26
161606,Hotel_1605,Jaipur,Budget,4,515,8252.15
161607,Hotel_1606,Delhi,Business,4,447,1523.57
161608,Hotel_1607,Jaipur,Budget,4,299,3123.1
161609,Hotel_1608,Goa,Resort,3,583,33289.28
161610,Hotel_1609,Jaipur,Resort,3,524,30335.26
161611,Hotel_1610,Goa,Boutique,4,397,31831.28
161612,Hotel_1611,Singapore,Luxury,3,1083,14733.51
161613,Hotel_1612,Delhi,Boutique,3,374,48389.04
161614,Hotel_1613,Singapore,Business,4,825,14255.62
161615,Hotel_1614,Dubai,Luxury,3,474,17372.57
161616,Hotel_1615,Jaipur,Luxury,4,319,28616.61
161617,Hotel_1616,London,Boutique,3,82,13854.66
161618,Hotel_1617,Jaipur,Boutique,4,665,3653.22
161619,Hotel_1618,Mumbai,Boutique,3,994,40656.48
161620,Hotel_1619,London,Boutique,5,335,20756.89
161621,Hotel_1620,Dubai,Business,4,284,5609.79
161622,Hotel_1621,Goa,Boutique,4,262,10005.65
161623,Hotel_1622,Dubai,Resort,5,156,29755.23
161624,Hotel_1623,Bengaluru,Luxury,5,1107,9436.1
161625,Hotel_1624,Delhi,Budget,4,720,47761.41
161626,Hotel_1625,Bengaluru,Business,4,697,41872.73
161627,Hotel_1626,Mumbai,Resort,5,503,18109.83
161628,Hotel_1627,London,Business,3,893,14828.93
161629,Hotel_1628,Dubai,Luxury,3,1112,7804.49
161630,Hotel_1629,Singapore,Budget,3,586,19612.18
161631,Hotel_1630,Bengaluru,Business,2,1013,27744.99
161632,Hotel_1631,Mumbai,Business,3,461,32446.37
161633,Hotel_1632,London,Business,4,223,33416.09
161634,Hotel_1633,Bengaluru,Budget,4,77,6651.46
161635,Hotel_1634,Delhi,Budget,2,497,13243.97
161636,Hotel_1635,Jaipur,Boutique,4,1048,42998.09
161637,Hotel_1636,Jaipur,Luxury,3,986,39478.11
161638,Hotel_1637,London,Resort,3,933,9483.7
161639,Hotel_1638,Jaipur,Budget,2,261,28394.19
161640,Hotel_1639,Dubai,Luxury,3,150,43563.49
161641,Hotel_1640,Delhi,Business,2,816,25823.56
161642,Hotel_1641,Dubai,Budget,4,1008,12321.01
161643,Hotel_1642,Goa,Luxury,3,787,2715.08
161644,Hotel_1643,Bengaluru,Business,2,997,10409.9
161645,Hotel_1644,Delhi,Resort,5,1121,17887.09
161646,Hotel_1645,Jaipur,Business,3,722,7047.28
161647,Hotel_1646,Dubai,Business,4,568,35878.86
161648,Hotel_1647,London,Budget,3,1033,25376.31
161649,Hotel_1648,Jaipur,Boutique,5,83,8359.02
161650,Hotel_1649,Bengaluru,Boutique,5,23,11734.0
161651,Hotel_1650,Goa,Budget,3,245,11600.48
161652,Hotel_1651,Mumbai,Resort,4,148,5537.88
161653,Hotel_1652,Bengaluru,Resort,4,1118,7843.57
161654,Hotel_1653,Mumbai,Boutique,3,257,45039.17
161655,Hotel_1654,Goa,Business,3,712,15814.03
161656,Hotel_1655,Jaipur,Boutique,3,407,12509.47
161657,Hotel_1656,London,Boutique,5,1121,9530.6
161658,Hotel_1657,Bengaluru,Business,4,913,4357.96
161659,Hotel_1658,Singapore,Boutique,4,235,10607.73
161660,Hotel_1659,London,Luxury,4,96,10397.07
161661,Hotel_1660,Bengaluru,Resort,4,995,12033.66
161662,Hotel_1661,Jaipur,Boutique,5,116,12536.08
161663,Hotel_1662,London,Business,3,1123,33307.24
161664,Hotel_1663,Bengaluru,Luxury,4,1049,34248.59
161665,Hotel_1664,Mumbai,Luxury,4,638,15676.08
161666,Hotel_1665,Dubai,Luxury,3,779,42169.29
161667,Hotel_1666,Delhi,Budget,3,609,30393.86
161668,Hotel_1667,Bengaluru,Resort,2,1001,7150.88
161669,Hotel_1668,Mumbai,Resort,3,768,18908.39
161670,Hotel_1669,Delhi,Luxury,3,955,34999.07
161671,Hotel_1670,London,Budget,3,248,47490.25
161672,Hotel_1671,Dubai,Boutique,3,519,47412.93
161673,Hotel_1672,Jaipur,Business,4,750,12238.05
161674,Hotel_1673,Mumbai,Luxury,4,746,13673.18
161675,Hotel_1674,Goa,Business,3,233,47091.28
161676,Hotel_1675,Jaipur,Business,3,808,5251.15
161677,Hotel_1676,Goa,Resort,4,466,42730.8
161678,Hotel_1677,Jaipur,Boutique,4,126,26087.37
161679,Hotel_1678,Jaipur,Boutique,5,931,48595.5
161680,Hotel_1679,Singapore,Boutique,3,409,41621.55
161681,Hotel_1680,Mumbai,Budget,2,859,48805.53
161682,Hotel_1681,Bengaluru,Budget,4,266,13642.92
161683,Hotel_1682,Bengaluru,Boutique,3,1165,4953.33
161684,Hotel_1683,Dubai,Resort,2,418,20124.83
161685,Hotel_1684,Dubai,Business,4,1026,39967.09
161686,Hotel_1685,Jaipur,Luxury,4,748,45834.95
161687,Hotel_1686,Bengaluru,Business,3,469,49299.67
161688,Hotel_1687,Singapore,Business,4,310,47431.86
161689,Hotel_1688,London,Luxury,4,99,10334.88
161690,Hotel_1689,Singapore,Luxury,3,1145,22185.14
161691,Hotel_1690,Singapore,Budget,3,495,30634.93
161692,Hotel_1691,Mumbai,Luxury,3,252,17263.58
161693,Hotel_1692,Goa,Business,3,857,8515.94
161694,Hotel_1693,Jaipur,Resort,4,358,38755.71
161695,Hotel_1694,London,Budget,2,1063,2180.57
161696,Hotel_1695,Singapore,Luxury,3,217,33063.34
161697,Hotel_1696,Jaipur,Boutique,3,321,30069.05
161698,Hotel_1697,London,Resort,3,594,13049.11
161699,Hotel_1698,Jaipur,Business,4,439,49828.54
161700,Hotel_1699,London,Resort,4,225,7711.89
161701,Hotel_1700,Singapore,Luxury,5,47,8817.11
161702,Hotel_1701,Goa,Boutique,4,605,15797.86
161703,Hotel_1702,Goa,Budget,4,1183,34575.98
161704,Hotel_1703,Goa,Resort,2,995,49826.93
161705,Hotel_1704,Dubai,Business,5,503,3727.81
161706,Hotel_1705,London,Business,5,930,38864.37
161707,Hotel_1706,Mumbai,Resort,2,585,27566.7
161708,Hotel_1707,Bengaluru,Budget,2,140,5111.08
161709,Hotel_1708,Mumbai,Resort,2,75,47217.29
161710,Hotel_1709,Bengaluru,Resort,3,283,45969.82
161711,Hotel_1710,Mumbai,Business,4,1132,17149.42
161712,Hotel_1711,Delhi,Luxury,4,548,48227.45
161713,Hotel_1712,Jaipur,Resort,4,861,13385.11
161714,Hotel_1713,Dubai,Budget,5,405,14937.77
161715,Hotel_1714,Singapore,Resort,3,481,3177.13
161716,Hotel_1715,London,Resort,4,568,10563.86
161717,Hotel_1716,Delhi,Resort,3,1114,24387.97
161718,Hotel_1717,Delhi,Business,3,134,32876.29
161719,Hotel_1718,Dubai,Resort,4,443,41296.45
161720,Hotel_1719,Dubai,Business,4,765,11974.53
161721,Hotel_1720,Dubai,Boutique,3,197,19790.11
161722,Hotel_1721,Mumbai,Luxury,3,580,7971.52
161723,Hotel_1722,London,Budget,4,1135,46171.88
161724,Hotel_1723,Delhi,Boutique,4,467,12065.87
161725,Hotel_1724,Delhi,Resort,3,965,32349.42
161726,Hotel_1725,Singapore,Resort,3,1155,30154.7
161727,Hotel_1726,Dubai,Luxury,5,669,4771.92
161728,Hotel_1727,Jaipur,Resort,4,702,39943.85
161729,Hotel_1728,Delhi,Budget,4,974,23041.3
161730,Hotel_1729,Dubai,Luxury,4,688,33172.73
161731,Hotel_1730,Singapore,Resort,2,1147,24765.21
161732,Hotel_1731,London,Budget,3,901,31265.99
161733,Hotel_1732,Jaipur,Resort,3,663,14228.51
161734,Hotel_1733,Bengaluru,Boutique,3,402,34260.22
161735,Hotel_1734,Goa,Business,3,693,2799.85
161736,Hotel_1735,Delhi,Luxury,3,1168,44935.02
161737,Hotel_1736,Goa,Luxury,3,445,37541.65
161738,Hotel_1737,Dubai,Budget,3,372,20851.68
161739,Hotel_1738,Delhi,Luxury,4,915,35878.98
161740,Hotel_1739,Bengaluru,Boutique,4,590,43615.37
161741,Hotel_1740,Singapore,Business,4,462,2141.36
161742,Hotel_1741,London,Business,4,131,40522.26
161743,Hotel_1742,Mumbai,Boutique,2,885,48944.69
161744,Hotel_1743,London,Budget,4,81,21342.09
161745,Hotel_1744,Singapore,Budget,3,723,37762.03
161746,Hotel_1745,Dubai,Resort,3,453,22762.14
161747,Hotel_1746,Dubai,Boutique,4,570,27435.91
161748,Hotel_1747,Mumbai,Business,3,400,2360.47
161749,Hotel_1748,Dubai,Business,4,592,42802.21
161750,Hotel_1749,Delhi,Business,3,94,20823.28
161751,Hotel_1750,Jaipur,Luxury,4,624,4014.66
161752,Hotel_1751,Singapore,Resort,4,726,24833.13
161753,Hotel_1752,Jaipur,Luxury,2,810,39039.12
161754,Hotel_1753,Goa,Resort,4,849,4812.78
161755,Hotel_1754,Bengaluru,Resort,4,674,40370.58
161756,Hotel_1755,London,Boutique,4,716,35103.75
161757,Hotel_1756,Jaipur,Resort,3,21,23315.89
161758,Hotel_1757,Dubai,Luxury,3,737,20622.91
161759,Hotel_1758,Dubai,Resort,3,648,5172.79
161760,Hotel_1759,Jaipur,Boutique,3,1058,5894.86
161761,Hotel_1760,London,Boutique,4,298,27426.19
161762,Hotel_1761,Dubai,Budget,2,647,30823.81
161763,Hotel_1762,Jaipur,Business,4,213,16262.93
161764,Hotel_1763,Jaipur,Boutique,4,635,36072.55
161765,Hotel_1764,Delhi,Business,5,407,10170.7
161766,Hotel_1765,Dubai,Business,2,360,40281.89
161767,Hotel_1766,Bengaluru,Budget,4,813,31680.55
161768,Hotel_1767,Dubai,Budget,3,218,24317.51
161769,Hotel_1768,Bengaluru,Luxury,4,541,38384.37
161770,Hotel_1769,Mumbai,Resort,5,710,36649.44
161771,Hotel_1770,Jaipur,Business,4,1170,32783.41
161772,Hotel_1771,Jaipur,Luxury,4,415,31305.45
161773,Hotel_1772,Dubai,Boutique,3,795,6138.45
161774,Hotel_1773,Singapore,Resort,3,823,49868.19
161775,Hotel_1774,London,Boutique,4,676,39406.0
161776,Hotel_1775,Mumbai,Boutique,3,250,1342.7
161777,Hotel_1776,London,Business,4,1057,45610.93
161778,Hotel_1777,Goa,Boutique,3,706,43884.61
161779,Hotel_1778,Dubai,Resort,4,394,20305.38
161780,Hotel_1779,Goa,Resort,2,905,13034.84
161781,Hotel_1780,Dubai,Luxury,4,167,42352.84
161782,Hotel_1781,Bengaluru,Resort,4,723,13866.87
161783,Hotel_1782,Bengaluru,Boutique,3,170,17990.23
161784,Hotel_1783,London,Boutique,3,232,31056.38
161785,Hotel_1784,London,Boutique,3,188,7019.62
161786,Hotel_1785,Bengaluru,Budget,3,631,29865.39
161787,Hotel_1786,Dubai,Luxury,3,702,19717.12
161788,Hotel_1787,Jaipur,Resort,2,848,30017.92
161789,Hotel_1788,Jaipur,Budget,4,1083,49638.56
161790,Hotel_1789,Goa,Budget,4,546,9417.68
161791,Hotel_1790,Mumbai,Luxury,3,842,9611.34
161792,Hotel_1791,Delhi,Resort,4,54,47527.31
161793,Hotel_1792,London,Luxury,3,740,17378.59
161794,Hotel_1793,Mumbai,Resort,2,88,19287.34
161795,Hotel_1794,Singapore,Business,3,21,47138.84
161796,Hotel_1795,Goa,Resort,2,1056,32941.71
161797,Hotel_1796,Mumbai,Boutique,4,938,9335.9
161798,Hotel_1797,Jaipur,Budget,4,665,13252.77
161799,Hotel_1798,Goa,Business,3,647,16640.94
161800,Hotel_1799,Goa,Resort,4,814,32978.88
161801,Hotel_1800,London,Business,3,570,15255.18
161802,Hotel_1801,London,Resort,3,377,4956.25
161803,Hotel_1802,Dubai,Boutique,5,808,6044.61
161804,Hotel_1803,Delhi,Boutique,5,594,25955.71
161805,Hotel_1804,Singapore,Boutique,5,274,3756.28
161806,Hotel_1805,London,Business,4,427,21727.9
161807,Hotel_1806,London,Boutique,5,1006,29265.49
161808,Hotel_1807,Jaipur,Boutique,4,93,5166.8
161809,Hotel_1808,London,Boutique,2,1083,18959.07
161810,Hotel_1809,Goa,Resort,2,856,34134.81
161811,Hotel_1810,Dubai,Business,3,45,41318.41
161812,Hotel_1811,Dubai,Business,5,735,19202.28
161813,Hotel_1812,Singapore,Luxury,2,112,23789.68
161814,Hotel_1813,Bengaluru,Boutique,3,340,4789.94
161815,Hotel_1814,Mumbai,Business,4,1157,39061.38
161816,Hotel_1815,Mumbai,Business,5,120,18322.54
161817,Hotel_1816,Singapore,Business,4,192,39600.87
161818,Hotel_1817,Bengaluru,Boutique,5,891,25109.97
161819,Hotel_1818,Singapore,Business,3,499,40560.51
161820,Hotel_1819,Singapore,Budget,4,917,48316.21
161821,Hotel_1820,London,Boutique,3,267,14584.95
161822,Hotel_1821,Mumbai,Luxury,3,1159,19172.96
161823,Hotel_1822,Dubai,Business,3,352,24642.96
161824,Hotel_1823,Mumbai,Luxury,2,134,9481.59
161825,Hotel_1824,Goa,Budget,3,253,22978.73
161826,Hotel_1825,Delhi,Budget,4,992,44370.84
161827,Hotel_1826,Delhi,Budget,5,1138,35474.2
161828,Hotel_1827,Goa,Resort,4,330,22597.46
161829,Hotel_1828,London,Boutique,3,826,34748.39
161830,Hotel_1829,Bengaluru,Budget,3,134,10766.47
161831,Hotel_1830,Jaipur,Budget,4,1126,36726.52
161832,Hotel_1831,Dubai,Business,3,246,22577.08
161833,Hotel_1832,Goa,Boutique,4,59,29892.82
161834,Hotel_1833,Singapore,Resort,4,683,2729.94
161835,Hotel_1834,Goa,Resort,5,596,19406.88
161836,Hotel_1835,Singapore,Resort,5,267,11804.5
161837,Hotel_1836,Delhi,Business,3,705,47776.04
161838,Hotel_1837,Singapore,Business,5,966,28462.65
161839,Hotel_1838,London,Boutique,5,826,8773.06
161840,Hotel_1839,Dubai,Boutique,4,1016,15495.11
161841,Hotel_1840,Mumbai,Luxury,4,449,17737.67
161842,Hotel_1841,Bengaluru,Budget,4,491,21566.07
161843,Hotel_1842,Mumbai,Budget,3,1013,33219.01
161844,Hotel_1843,Mumbai,Boutique,2,1106,13142.98
161845,Hotel_1844,Delhi,Resort,5,1187,27786.03
161846,Hotel_1845,Singapore,Budget,4,132,4115.42
161847,Hotel_1846,Bengaluru,Boutique,5,485,32286.13
161848,Hotel_1847,Bengaluru,Resort,2,876,16475.49
161849,Hotel_1848,Jaipur,Budget,4,478,44876.39
161850,Hotel_1849,Bengaluru,Boutique,4,932,41482.67
161851,Hotel_1850,Bengaluru,Luxury,2,153,13108.89
161852,Hotel_1851,Goa,Boutique,2,959,3537.44
161853,Hotel_1852,Jaipur,Luxury,3,168,44999.15
161854,Hotel_1853,Jaipur,Budget,4,375,48493.98
161855,Hotel_1854,Jaipur,Luxury,5,769,39966.45
161856,Hotel_1855,Mumbai,Business,4,193,38037.22
161857,Hotel_1856,London,Budget,3,491,40963.72
161858,Hotel_1857,Goa,Resort,2,1048,38047.33
161859,Hotel_1858,Singapore,Business,3,164,30650.6
161860,Hotel_1859,Delhi,Resort,4,508,24604.3
161861,Hotel_1860,Bengaluru,Business,2,1112,20783.35
161862,Hotel_1861,Mumbai,Luxury,4,1117,27296.54
161863,Hotel_1862,Goa,Budget,2,1168,43459.8
161864,Hotel_1863,Singapore,Resort,3,60,23115.01
161865,Hotel_1864,Delhi,Boutique,3,50,37650.41
161866,Hotel_1865,Dubai,Luxury,4,1137,1849.41
161867,Hotel_1866,Singapore,Business,4,501,26839.78
161868,Hotel_1867,Jaipur,Boutique,2,966,34794.26
161869,Hotel_1868,Singapore,Budget,4,878,34029.75
161870,Hotel_1869,Delhi,Boutique,4,807,30553.99
161871,Hotel_1870,Delhi,Budget,3,937,12267.17
161872,Hotel_1871,London,Resort,3,306,26337.26
161873,Hotel_1872,Singapore,Business,4,1027,20368.81
161874,Hotel_1873,London,Resort,5,122,3107.75
161875,Hotel_1874,Bengaluru,Budget,5,306,47707.39
161876,Hotel_1875,Goa,Boutique,3,776,3918.74
161877,Hotel_1876,Jaipur,Business,4,201,44647.9
161878,Hotel_1877,London,Luxury,4,1192,17353.68
161879,Hotel_1878,Mumbai,Resort,2,490,29391.41
161880,Hotel_1879,Jaipur,Luxury,5,1043,36307.6
161881,Hotel_1880,Dubai,Luxury,3,1140,11770.99
161882,Hotel_1881,Dubai,Resort,3,1081,47542.39
161883,Hotel_1882,London,Luxury,5,86,4594.09
161884,Hotel_1883,Mumbai,Business,3,328,13187.05
161885,Hotel_1884,Dubai,Resort,2,947,2261.21
161886,Hotel_1885,Jaipur,Business,3,109,1485.05
161887,Hotel_1886,Dubai,Boutique,3,653,48129.58
161888,Hotel_1887,Mumbai,Business,5,313,31790.21
161889,Hotel_1888,Delhi,Boutique,2,1140,9641.01
161890,Hotel_1889,London,Business,4,535,48530.57
161891,Hotel_1890,Dubai,Resort,2,173,14607.18
161892,Hotel_1891,Dubai,Resort,3,451,47778.25
161893,Hotel_1892,London,Luxury,4,412,14732.9
161894,Hotel_1893,London,Business,2,35,27053.66
161895,Hotel_1894,Dubai,Resort,3,791,3499.45
161896,Hotel_1895,Singapore,Luxury,2,58,30493.03
161897,Hotel_1896,Delhi,Budget,3,605,41640.04
161898,Hotel_1897,Goa,Boutique,4,148,18547.71
161899,Hotel_1898,London,Budget,4,1078,14117.41
161900,Hotel_1899,Mumbai,Boutique,3,152,10805.39
161901,Hotel_1900,Mumbai,Boutique,2,728,10771.22
161902,Hotel_1901,Delhi,Business,4,341,2467.93
161903,Hotel_1902,Singapore,Luxury,5,142,20566.06
161904,Hotel_1903,Singapore,Luxury,5,429,14480.41
161905,Hotel_1904,Delhi,Luxury,2,851,7248.14
161906,Hotel_1905,Delhi,Resort,3,1130,37349.5
161907,Hotel_1906,Mumbai,Business,2,147,40795.34
161908,Hotel_1907,Mumbai,Budget,3,1061,7971.04
161909,Hotel_1908,Dubai,Resort,5,997,38188.98
161910,Hotel_1909,Goa,Budget,4,691,2870.7
161911,Hotel_1910,Bengaluru,Luxury,5,776,29289.73
161912,Hotel_1911,Delhi,Resort,2,490,4773.86
161913,Hotel_1912,London,Resort,5,865,44350.92
161914,Hotel_1913,Delhi,Business,4,1139,19350.85
161915,Hotel_1914,Singapore,Business,3,333,34852.02
161916,Hotel_1915,Mumbai,Boutique,4,792,33085.83
161917,Hotel_1916,Dubai,Business,5,477,44857.22
161918,Hotel_1917,Dubai,Budget,4,928,3214.55
161919,Hotel_1918,Singapore,Budget,5,1045,5931.38
161920,Hotel_1919,Bengaluru,Resort,5,345,47898.82
161921,Hotel_1920,Goa,Boutique,3,53,26107.17
161922,Hotel_1921,Goa,Boutique,3,739,46189.09
161923,Hotel_1922,Singapore,Budget,3,598,39968.08
161924,Hotel_1923,Dubai,Business,2,623,1999.59
161925,Hotel_1924,Jaipur,Resort,5,914,30269.09
161926,Hotel_1925,Dubai,Boutique,3,858,46792.76
161927,Hotel_1926,Goa,Resort,5,122,46296.62
161928,Hotel_1927,Delhi,Business,2,172,18619.75
161929,Hotel_1928,Singapore,Luxury,4,373,21925.18
161930,Hotel_1929,Jaipur,Resort,4,1150,3095.06
161931,Hotel_1930,Bengaluru,Business,3,537,4586.36
161932,Hotel_1931,Delhi,Business,4,1136,12571.27
161933,Hotel_1932,Dubai,Luxury,3,355,38453.49
161934,Hotel_1933,Delhi,Business,3,870,32764.04
161935,Hotel_1934,Jaipur,Boutique,4,853,10578.3
161936,Hotel_1935,London,Luxury,3,439,36831.24
161937,Hotel_1936,Singapore,Boutique,4,521,44553.38
161938,Hotel_1937,London,Boutique,4,261,35293.78
161939,Hotel_1938,Mumbai,Business,4,981,20163.95
161940,Hotel_1939,London,Budget,4,1018,5041.67
161941,Hotel_1940,London,Budget,3,79,28793.49
161942,Hotel_1941,Delhi,Resort,5,514,24425.51
161943,Hotel_1942,London,Business,4,35,41426.93
161944,Hotel_1943,Mumbai,Luxury,4,1083,24779.35
161945,Hotel_1944,Mumbai,Luxury,2,719,28138.73
161946,Hotel_1945,Dubai,Business,2,448,2007.96
161947,Hotel_1946,Singapore,Boutique,3,113,16158.77
161948,Hotel_1947,Dubai,Luxury,3,113,14801.24
161949,Hotel_1948,Delhi,Budget,3,57,1323.33
161950,Hotel_1949,Bengaluru,Budget,3,724,18277.68
161951,Hotel_1950,Jaipur,Resort,4,195,39170.84
161952,Hotel_1951,London,Budget,3,67,41980.03
161953,Hotel_1952,Jaipur,Budget,4,70,28670.19
161954,Hotel_1953,Delhi,Business,5,934,26988.55
161955,Hotel_1954,Bengaluru,Business,4,421,21018.93
161956,Hotel_1955,Mumbai,Budget,2,638,21329.3
161957,Hotel_1956,Bengaluru,Boutique,2,180,34565.12
161958,Hotel_1957,Mumbai,Boutique,5,475,18246.17
161959,Hotel_1958,Dubai,Budget,3,727,33069.66
161960,Hotel_1959,Jaipur,Business,4,198,49755.97
161961,Hotel_1960,Singapore,Resort,3,813,23137.35
161962,Hotel_1961,Mumbai,Budget,2,891,23575.18
161963,Hotel_1962,Singapore,Business,2,432,37868.33
161964,Hotel_1963,Dubai,Boutique,5,1117,36118.82
161965,Hotel_1964,London,Budget,4,1026,5245.93
161966,Hotel_1965,Goa,Resort,3,468,18033.22
161967,Hotel_1966,Singapore,Boutique,3,1195,13361.92
161968,Hotel_1967,Jaipur,Luxury,4,560,27645.31
161969,Hotel_1968,Jaipur,Luxury,4,626,45791.82
161970,Hotel_1969,Mumbai,Business,5,855,47619.36
161971,Hotel_1970,Mumbai,Boutique,3,1103,11704.46
161972,Hotel_1971,Bengaluru,Budget,5,609,39554.89
161973,Hotel_1972,Singapore,Budget,3,333,12527.37
161974,Hotel_1973,Mumbai,Luxury,4,784,23492.46
161975,Hotel_1974,Jaipur,Budget,3,303,20866.95
161976,Hotel_1975,Goa,Budget,3,1071,16573.11
161977,Hotel_1976,Singapore,Boutique,3,688,13146.76
161978,Hotel_1977,Bengaluru,Budget,2,365,19962.98
161979,Hotel_1978,Dubai,Boutique,4,1174,13215.31
161980,Hotel_1979,Mumbai,Business,3,922,22425.58
161981,Hotel_1980,London,Resort,4,1111,13710.84
161982,Hotel_1981,Jaipur,Budget,3,860,25022.42
161983,Hotel_1982,Mumbai,Budget,3,521,21089.74
161984,Hotel_1983,Bengaluru,Luxury,4,106,12034.37
161985,Hotel_1984,Dubai,Resort,5,389,16266.89
161986,Hotel_1985,Singapore,Boutique,4,499,22495.2
161987,Hotel_1986,Mumbai,Business,2,1162,20415.77
161988,Hotel_1987,Mumbai,Boutique,2,1119,6229.91
161989,Hotel_1988,London,Budget,4,1040,15091.8
161990,Hotel_1989,Mumbai,Business,3,533,36729.8
161991,Hotel_1990,Delhi,Boutique,4,706,34419.29
161992,Hotel_1991,Mumbai,Resort,3,567,41563.91
161993,Hotel_1992,Singapore,Resort,4,63,6757.51
161994,Hotel_1993,Goa,Budget,2,582,37931.77
161995,Hotel_1994,Jaipur,Boutique,2,121,5988.64
161996,Hotel_1995,Bengaluru,Resort,2,663,4904.98
161997,Hotel_1996,Bengaluru,Business,4,198,36725.78
161998,Hotel_1997,Bengaluru,Boutique,3,675,24182.57
161999,Hotel_1998,Bengaluru,Boutique,3,999,45879.82
162000,Hotel_1999,Delhi,Luxury,3,914,28625.99
