Channel_ID,Channel_Name,Campaign_Date,Spend,Impressions,Clicks,Bookings_Attributed
230001,Meta,2023-11-23 10:40:08,571706.9,1415685,326437,17973
230002,Meta,2024-09-10 04:54:03,614444.16,953804,339174,2882
230003,Affiliate,2023-01-11 15:02:41,201418.99,6296577,219585,3119
230004,Direct,2024-08-06 15:39:23,354741.92,7641514,460062,11605
230005,Affiliate,2023-01-12 02:15:57,261795.34,8989651,360767,19080
230006,Meta,2025-11-15 15:41:49,519077.86,3534178,174125,5156
230007,Affiliate,2025-01-31 23:09:14,326944.16,7796590,183038,18037
230008,Affiliate,2024-10-27 17:05:35,473338.31,6965682,273945,9859
230009,Meta,2023-03-13 10:07:04,875210.79,1330041,474417,5702
230010,OTA,2024-06-22 00:09:26,860664.59,4858520,194409,29293
230011,Direct,2024-11-07 12:35:27,517008.62,7639217,301306,9368
230012,Direct,2023-08-05 09:27:26,84513.9,4278202,129783,28223
230013,Direct,2025-04-15 17:47:11,307429.74,4310986,181929,25751
230014,Email,2023-09-29 06:56:38,347938.29,7719526,137723,5478
230015,Affiliate,2023-11-15 08:45:50,158860.2,508984,123224,27593
230016,Google Ads,2025-06-27 01:49:24,538862.57,2609477,104912,6472
230017,Meta,2025-11-11 06:53:59,654518.21,7441390,404684,9894
230018,Direct,2023-04-22 23:07:02,639091.84,760039,325397,12983
230019,OTA,2024-07-05 05:04:12,497257.26,403871,366296,18880
230020,OTA,2023-04-30 11:37:10,696640.48,8973597,461051,24340
230021,Email,2024-09-27 19:08:49,510983.21,5243819,84727,28590
230022,Direct,2024-10-05 17:09:48,678947.71,4993473,162840,581
230023,OTA,2024-12-29 01:09:05,228001.8,1506701,262255,4322
230024,Direct,2025-08-04 00:01:29,741844.56,8045531,161150,11227
230025,Email,2023-02-14 09:22:57,903654.08,2332679,304182,3664
230026,Meta,2023-05-25 20:37:29,639642.11,1378977,428294,20284
230027,Email,2024-06-04 01:38:36,321469.87,8841416,234785,18414
230028,Direct,2023-10-22 17:23:51,608020.39,6573342,410340,14674
230029,Email,2023-03-02 18:47:43,326953.02,5547828,402771,12813
230030,Email,2023-08-13 08:39:18,235186.89,7938160,207345,18042
230031,Affiliate,2023-08-26 15:53:30,157319.83,7151054,85727,7305
230032,Affiliate,2024-10-08 06:08:38,914920.64,1988346,400896,17573
230033,Google Ads,2024-02-22 05:19:45,231229.58,4725607,268171,14637
230034,Meta,2025-12-07 00:01:56,322831.84,4112149,448360,15208
230035,Direct,2024-03-10 18:35:44,744817.11,8614365,201350,90
230036,Google Ads,2025-02-03 06:16:14,156296.49,2938975,352305,19761
230037,Affiliate,2025-04-10 10:54:50,146936.72,3787342,378995,21625
230038,OTA,2023-08-08 11:09:13,957914.72,7064794,370143,14416
230039,Email,2025-10-26 08:42:16,159837.58,2976624,480254,7367
230040,OTA,2025-05-19 16:12:47,944254.33,6296008,315238,4300
230041,Google Ads,2024-09-20 00:55:07,830769.36,1873980,144577,9233
230042,Affiliate,2025-12-25 18:02:49,509439.13,2711188,393389,20969
230043,Google Ads,2023-11-10 01:13:51,31966.69,3980776,479060,6114
230044,Direct,2025-09-12 06:00:17,308124.93,3999421,308342,14689
230045,Direct,2023-01-26 00:21:06,491685.93,1917507,96114,121
230046,OTA,2023-03-30 23:01:11,516165.65,7017958,160560,4263
230047,OTA,2025-05-05 01:52:54,929595.93,7912541,157391,6352
230048,Meta,2023-02-18 02:37:05,546557.94,8480778,333337,9252
230049,Affiliate,2023-08-20 02:10:46,458345.13,3157444,50794,20355
230050,Google Ads,2024-02-13 23:19:00,605376.62,8672450,491200,27302
230051,Direct,2024-02-15 17:19:40,604382.17,5459294,386312,8708
230052,Direct,2024-01-09 13:24:27,819298.79,5876250,345944,7171
230053,Email,2023-08-12 02:11:45,700156.0,459601,260943,5803
230054,OTA,2024-09-20 03:43:52,25689.97,9302781,489353,14301
230055,Google Ads,2024-03-26 05:13:51,610875.68,6233101,40603,19286
230056,Email,2023-08-08 13:15:54,687384.14,3475027,161389,8018
230057,OTA,2024-05-09 19:52:30,97503.97,461671,200397,24851
230058,Affiliate,2023-07-26 01:56:36,105404.35,3664853,468143,6668
230059,Direct,2025-05-19 13:42:35,437207.29,5124131,19713,1361
230060,Direct,2025-01-01 15:06:21,355955.63,7209065,43780,23122
230061,Google Ads,2025-09-05 02:42:21,769732.72,6843808,128887,9108
230062,Google Ads,2025-03-29 01:52:59,918883.72,5737607,26931,29556
230063,OTA,2025-04-25 01:11:00,489355.08,3329634,331355,14423
230064,Meta,2025-07-17 12:08:48,407578.62,4063739,250615,27350
230065,Direct,2024-08-06 09:40:17,107883.79,425970,115412,663
230066,Google Ads,2025-09-12 02:28:17,812963.08,5378932,479371,15798
230067,OTA,2025-04-22 08:19:30,526372.97,5906790,340094,13816
230068,Direct,2024-10-21 00:50:20,36236.62,7308879,458116,27032
230069,Direct,2025-11-15 00:31:27,270175.47,5887514,326188,18261
230070,OTA,2024-09-12 11:49:23,429844.73,5982243,168371,16937
230071,Direct,2025-10-14 23:42:34,157015.52,2496164,186432,27460
230072,OTA,2023-02-21 23:59:30,406091.39,6479492,304792,23613
230073,Email,2025-12-20 03:45:03,102699.17,8233907,77454,2103
230074,OTA,2024-11-20 08:13:47,978368.29,5682379,93100,13309
230075,Direct,2024-11-17 05:15:48,904417.5,2868390,98541,20385
230076,OTA,2023-09-07 06:09:08,619549.57,7411050,356696,28487
230077,Email,2023-02-03 10:18:41,460334.96,2488689,128723,25248
230078,OTA,2025-05-17 09:56:38,76765.13,4263347,381969,13328
230079,Direct,2024-08-20 15:09:26,742683.78,5991641,47981,9852
230080,Meta,2023-11-20 11:46:31,969183.2,3576837,14549,19653
230081,Direct,2025-09-16 04:34:53,347560.44,289049,358314,5069
230082,OTA,2024-04-03 23:32:22,54572.72,2954500,23549,7661
230083,Google Ads,2025-08-18 07:52:43,144548.62,7726732,481759,24201
230084,Affiliate,2024-12-17 19:24:34,964532.21,2023749,327260,24658
230085,Google Ads,2023-02-26 13:44:34,829911.28,878995,412232,15380
230086,Direct,2024-09-18 01:06:12,526691.7,3639172,115563,11859
230087,Email,2024-10-28 08:54:30,781251.09,5966497,118339,21322
230088,Direct,2024-03-05 07:32:06,349840.12,6167244,379882,8997
230089,Google Ads,2024-01-05 11:23:35,255675.62,5228191,162112,27987
230090,Affiliate,2024-01-09 17:45:35,250326.08,495831,297688,20181
230091,Google Ads,2024-07-13 23:10:06,821992.86,4638145,491567,16309
230092,Google Ads,2025-07-26 14:45:21,496055.72,3258727,25059,8492
230093,Affiliate,2023-09-13 08:13:08,233147.19,9554331,399631,7321
230094,Direct,2023-02-11 13:14:21,521374.16,183095,469955,29413
230095,Direct,2023-06-25 21:10:09,217015.06,4730784,393490,14653
230096,Affiliate,2023-04-04 08:54:45,762945.47,5257986,213017,25677
230097,OTA,2025-02-07 03:09:15,241187.97,3810956,440227,9754
230098,OTA,2025-10-21 13:10:31,564957.92,2650629,343406,27907
230099,Direct,2023-12-29 11:32:25,846706.29,2855134,183437,17478
230100,Email,2024-08-28 01:56:48,742038.23,9168929,418715,21154
230101,Google Ads,2023-12-11 17:03:44,805047.66,3662115,225869,6306
230102,Email,2024-04-21 22:33:39,42722.34,4852835,300150,26670
230103,Meta,2024-07-22 21:35:43,548972.61,3846862,316184,19230
230104,Meta,2025-10-08 05:18:55,69543.35,9433354,54632,11399
230105,Google Ads,2024-06-11 11:21:52,156738.87,1807463,415335,25085
230106,OTA,2024-07-07 12:53:53,906250.75,1887391,108333,4923
230107,Direct,2024-04-05 18:32:05,397829.21,5912508,182581,7414
230108,Email,2023-11-29 19:37:47,252828.97,3455195,258402,4074
230109,OTA,2025-12-02 07:35:15,104921.55,8056803,423127,14845
230110,Affiliate,2024-04-24 06:04:22,20251.81,2665575,440076,13325
230111,OTA,2025-08-17 07:23:57,30288.65,4621468,73986,20218
230112,Direct,2023-02-20 14:07:43,626857.02,7343682,397621,24355
230113,Direct,2023-12-18 19:53:18,754976.11,8628023,185236,14478
230114,Affiliate,2025-12-03 11:10:27,590707.69,7892668,218263,15588
230115,Email,2024-12-26 09:04:05,736432.65,466970,188952,19605
230116,Email,2023-01-29 15:31:49,877875.14,5251968,94123,3162
230117,Email,2023-02-18 22:35:14,609249.33,6060945,216255,17573
230118,Direct,2024-03-26 08:31:51,882659.84,7317723,366438,29071
230119,Direct,2024-08-22 06:41:53,589041.49,3908070,496684,21535
230120,Google Ads,2024-09-16 01:01:03,745542.38,6936180,146391,12806
230121,Meta,2024-10-13 09:48:56,982565.57,9598851,305180,20372
230122,OTA,2024-07-06 01:53:39,730629.34,5295709,118637,28370
230123,Direct,2023-10-24 19:37:18,781376.84,728810,80239,10856
230124,Meta,2024-02-27 02:29:47,265591.54,2437059,188920,12907
230125,Affiliate,2025-03-08 11:05:44,396422.76,9924394,497979,5642
230126,Email,2023-05-24 07:14:19,161386.03,2654872,309694,24075
230127,Meta,2023-05-16 20:57:39,207655.61,7022348,322874,13149
230128,OTA,2024-12-11 01:48:32,121437.47,3934976,28325,26817
230129,Meta,2024-07-24 06:49:43,731709.03,281058,356704,20644
230130,Google Ads,2024-02-09 12:25:39,940022.64,2663337,128478,27252
230131,OTA,2023-03-05 22:31:46,680600.53,8034292,242372,15747
230132,Google Ads,2024-03-24 03:38:31,333572.75,8632232,275465,17419
230133,Meta,2025-07-20 11:55:06,979562.87,2566441,352919,23094
230134,Affiliate,2024-01-20 01:17:56,691251.31,42602,304549,17400
230135,Direct,2023-10-31 12:55:30,579815.66,9016528,62294,3057
230136,Email,2024-04-13 11:40:38,500873.61,813412,189848,21548
230137,Meta,2023-09-16 12:24:52,239083.61,5234286,293305,12348
230138,Affiliate,2024-02-19 23:02:58,605091.97,2604753,262953,12596
230139,Affiliate,2025-01-11 03:48:57,609603.68,8446135,189175,9651
230140,Direct,2025-08-01 23:02:27,133903.43,2159646,44959,13364
230141,Email,2025-07-16 06:09:10,827447.49,8261080,254282,10667
230142,Google Ads,2025-01-27 08:05:37,900623.07,1043832,340256,13169
230143,Direct,2025-05-23 23:03:17,571534.52,2210228,194615,21138
230144,Google Ads,2025-10-16 01:55:56,679429.96,3888108,425033,9180
230145,Google Ads,2025-10-11 13:06:09,34375.59,7226901,415609,5649
230146,Direct,2023-03-31 09:09:06,922611.86,776948,373850,6022
230147,OTA,2025-07-05 02:26:19,729169.69,5910571,385358,11967
230148,Google Ads,2024-06-19 06:00:03,940772.87,3042003,204401,13280
230149,OTA,2024-01-06 00:34:05,88450.92,7992584,245583,4664
230150,Direct,2023-07-15 19:44:04,180415.33,7581087,293993,7027
230151,Google Ads,2023-06-17 21:52:14,389879.66,3436760,131144,7336
230152,Direct,2024-11-12 12:11:22,611732.68,200326,282038,15417
230153,Affiliate,2023-03-23 10:31:50,311736.07,2702015,355630,17108
230154,OTA,2024-02-22 16:50:57,235272.86,8963825,375512,16135
230155,Meta,2024-03-05 19:41:06,723531.27,2033747,74797,29400
230156,Email,2025-09-08 20:08:19,945613.83,5787208,364013,27720
230157,Email,2025-10-01 13:39:43,357525.84,5812905,57550,11634
230158,Email,2024-10-05 08:40:21,199333.17,8358292,79898,28494
230159,Direct,2023-02-25 06:28:03,445928.04,7863855,475227,29795
230160,Google Ads,2023-01-14 16:00:00,959997.55,6662929,73890,25054
230161,OTA,2023-01-30 00:43:28,908757.81,5792672,214701,13031
230162,OTA,2025-07-04 16:57:23,324761.51,3939355,489731,10711
230163,Meta,2025-06-11 17:53:22,500256.57,9393359,21573,4305
230164,Meta,2023-04-28 06:34:38,833033.57,6733458,88246,25286
230165,Affiliate,2024-10-03 09:38:52,789588.0,5899050,56380,22913
230166,Direct,2025-04-27 17:01:27,240068.24,3832458,313910,11861
230167,Direct,2023-11-16 23:01:25,830159.58,3664145,51401,24705
230168,Direct,2024-05-06 15:07:27,962496.02,4797536,51816,3508
230169,Direct,2025-02-04 05:44:12,190070.55,6715330,350985,7910
230170,OTA,2023-10-21 07:47:33,247998.24,8105169,495786,14859
230171,Email,2025-09-20 12:43:11,494742.07,7357090,405815,19925
230172,Direct,2024-07-23 16:47:08,579208.25,288085,496502,27937
230173,OTA,2025-07-13 07:10:02,928186.61,6661475,12467,16310
230174,Google Ads,2024-10-20 20:01:03,742326.57,6088467,470691,8284
230175,Email,2025-07-29 06:02:50,989322.61,212002,135111,6030
230176,Email,2025-06-28 11:13:49,575833.58,4592655,350348,28121
230177,Affiliate,2024-10-25 18:18:29,651795.88,4704416,332519,22480
230178,Affiliate,2023-08-09 10:33:01,433698.08,958168,224821,1334
230179,Google Ads,2025-09-30 01:29:29,111086.83,8294465,315297,12058
230180,Meta,2025-05-21 07:11:54,805340.56,2101560,249790,11559
230181,Affiliate,2025-02-17 10:35:23,712794.95,7327165,313399,6851
230182,Affiliate,2023-01-18 04:16:24,393040.71,3932498,97162,11343
230183,Direct,2023-01-21 05:16:21,384302.14,3356205,206332,20902
230184,Email,2024-10-30 14:40:40,884368.44,1666779,89807,28996
230185,Affiliate,2025-01-23 15:32:47,932629.2,1464871,228925,27315
230186,Meta,2023-02-20 04:32:59,885966.22,786269,115259,18786
230187,Direct,2023-05-04 06:49:18,278425.04,7584243,185913,23111
230188,OTA,2025-11-30 20:43:56,977483.65,4941022,483897,25038
230189,Direct,2023-06-20 04:40:56,52746.19,2517693,184826,21588
230190,Email,2025-04-18 03:15:21,166828.11,5302267,487532,7019
230191,Meta,2023-07-04 10:23:11,555937.93,2641125,101176,1641
230192,OTA,2023-05-14 05:49:12,220561.59,1124343,285040,28912
230193,Direct,2025-08-09 06:56:18,234047.33,9441162,264879,29910
230194,Google Ads,2025-07-17 12:08:59,791676.2,2559077,129598,24881
230195,Direct,2025-12-03 00:03:16,700717.6,4106646,162312,27849
230196,Google Ads,2023-06-29 06:13:53,31902.02,8028237,100817,20780
230197,Email,2023-01-02 07:44:36,906479.59,6752133,407287,7915
230198,Affiliate,2023-01-30 19:06:02,192356.23,7253257,293137,26876
230199,Email,2024-01-07 04:04:07,607072.3,8986380,218256,7018
230200,OTA,2023-05-17 16:42:15,873004.15,4806872,130899,23833
230201,Google Ads,2023-09-03 22:44:06,178245.09,6855326,282560,9127
230202,Email,2024-10-20 01:12:18,347029.04,4287505,317895,26213
230203,Direct,2023-11-26 17:05:51,784286.72,4805112,307200,8717
230204,OTA,2025-04-25 16:14:37,524392.7,8171158,110357,19221
230205,Google Ads,2025-04-14 13:20:42,370887.61,6512625,327664,24179
230206,Affiliate,2023-06-06 15:54:07,873806.05,5141279,106812,7833
230207,Direct,2024-03-16 17:17:39,227646.27,9103793,193193,9225
230208,Google Ads,2024-11-27 09:41:48,19273.14,5534468,181168,14948
230209,Email,2023-04-14 23:22:18,647610.78,8515090,457228,13770
230210,Email,2024-06-08 16:17:05,148089.96,185144,228639,17333
230211,Email,2023-11-21 21:54:09,749528.51,4074848,364138,12309
230212,Email,2025-01-29 01:25:36,193443.29,8008643,315596,7961
230213,Affiliate,2023-12-27 16:42:05,598830.96,241200,328346,23530
230214,Meta,2025-08-20 00:20:52,586069.56,27976,188463,22307
230215,Email,2023-04-18 07:22:33,769485.7,3585489,482455,27522
230216,Google Ads,2024-08-11 07:03:47,53268.3,5519577,38012,5070
230217,Meta,2024-10-19 02:37:37,281787.8,552895,208635,15279
230218,Email,2023-01-02 12:39:35,154228.88,8705219,91119,27341
230219,Affiliate,2023-07-19 23:03:54,788399.53,4149861,473373,17732
230220,Meta,2025-09-17 05:13:36,993669.05,3371578,139330,25329
230221,Meta,2023-05-09 19:03:23,229461.32,4368066,336016,4080
230222,Meta,2025-07-25 04:52:50,589621.34,8302956,193127,9846
230223,Meta,2024-07-28 00:49:08,71591.5,9634056,491881,12265
230224,OTA,2023-12-09 18:37:55,796231.77,315107,313256,28391
230225,Meta,2025-05-21 10:53:33,267350.5,322312,334742,22554
230226,Email,2023-05-27 02:44:03,754542.26,6571774,227730,1626
230227,OTA,2023-05-11 01:50:26,322472.34,7606532,183572,7476
230228,Direct,2023-03-15 10:35:07,779196.49,7083308,189860,25854
230229,OTA,2023-11-25 22:52:22,278122.32,2270127,163310,8719
230230,Direct,2024-11-17 18:14:43,871496.69,4673034,267729,8306
230231,Affiliate,2024-02-08 03:38:31,736944.71,825334,436151,14509
230232,Affiliate,2025-09-21 10:32:22,240459.16,8371441,4348,11139
230233,OTA,2024-12-28 15:28:34,790866.92,5306768,104165,24501
230234,Affiliate,2024-03-02 15:01:41,525777.3,7613873,18175,19280
230235,Google Ads,2025-02-24 07:59:50,58900.51,7673582,339157,26680
230236,Affiliate,2024-01-17 06:39:08,374285.07,7938001,323320,23443
230237,OTA,2025-08-09 05:00:00,572190.0,3696054,260342,16232
230238,Affiliate,2023-12-23 08:36:38,107497.33,2002608,361872,22563
230239,Affiliate,2024-07-21 00:32:45,526695.69,7980081,249078,5001
230240,Meta,2023-03-18 17:44:41,332872.74,9245586,230273,28300
230241,Meta,2023-05-05 12:52:27,506751.38,2504868,89073,18689
230242,Meta,2024-05-27 14:10:30,974080.77,2530133,403425,25388
230243,Affiliate,2025-02-02 08:22:32,547761.61,7521175,56712,3655
230244,Email,2025-07-20 03:36:11,579909.55,156672,118355,22342
230245,Email,2024-07-13 11:58:54,829888.12,6494441,366820,6158
230246,Google Ads,2024-07-26 09:01:48,958196.93,1702748,368789,12808
230247,Affiliate,2023-06-05 19:05:44,785845.06,307091,167524,19470
230248,OTA,2025-02-11 22:38:01,446297.32,9931908,151978,7402
230249,Google Ads,2024-12-30 22:15:55,508965.88,3443623,226327,19380
230250,Google Ads,2023-09-19 01:25:48,898246.05,5839503,204153,3482
230251,Affiliate,2023-07-24 09:36:10,552498.21,1051728,108845,18470
230252,Affiliate,2024-05-17 09:36:22,666419.64,871810,376185,27662
230253,OTA,2025-11-11 01:26:20,866079.98,4893705,399033,17367
230254,Meta,2025-12-13 14:55:44,445516.04,5689229,259558,12348
230255,Affiliate,2024-05-05 09:31:20,158768.02,9897046,254006,4352
230256,Email,2025-09-23 18:23:50,434220.65,6828555,169425,14788
230257,Email,2025-11-19 22:56:06,509943.08,6947819,139946,26679
230258,Affiliate,2023-10-12 10:21:17,748452.32,6950044,55402,19299
230259,Google Ads,2025-08-12 09:00:06,573372.03,4252272,431184,13630
230260,Email,2024-10-13 15:33:15,433409.26,5502513,60367,13521
230261,Affiliate,2023-02-20 16:23:44,828773.72,9614081,116303,13325
230262,Meta,2024-01-03 09:59:28,886085.1,7775281,335612,12538
230263,Email,2025-01-10 02:07:54,785308.14,9122612,102095,8737
230264,OTA,2023-04-24 12:01:59,460824.21,7870537,493768,8138
230265,Meta,2023-06-04 18:45:48,507815.31,4343832,487722,8512
230266,Direct,2025-04-29 14:50:11,529931.14,1198387,9194,6289
230267,Affiliate,2023-07-01 06:11:23,304246.71,4366323,380649,7715
230268,Google Ads,2025-09-19 19:23:59,344290.16,763413,190776,1375
230269,Meta,2025-02-17 17:23:43,56066.39,519957,67288,11294
230270,Email,2024-10-04 03:27:07,403645.06,5028880,112480,13090
230271,Direct,2025-01-18 21:56:11,279782.92,8630674,86003,24843
230272,Meta,2025-03-28 07:33:43,627822.59,6663357,305841,6242
230273,Google Ads,2023-05-21 18:38:33,452296.42,4676039,410257,2361
230274,Meta,2025-09-29 07:06:40,878905.21,8807903,112595,18149
230275,Google Ads,2023-03-30 12:59:36,893649.77,3866961,386218,12606
230276,Affiliate,2024-07-31 17:10:06,851659.45,7557822,144677,14541
230277,Direct,2025-04-12 16:04:01,446573.6,7667261,18684,27228
230278,Meta,2025-04-20 17:25:06,195269.69,4563506,372846,10107
230279,Google Ads,2024-06-19 02:03:08,137015.91,2304663,18208,24833
230280,Affiliate,2023-11-10 18:54:44,320613.05,7188505,482044,18733
230281,Direct,2025-03-04 02:01:06,27905.14,1668472,182923,8398
230282,Meta,2024-08-26 02:20:29,733644.22,9529767,220000,1985
230283,Google Ads,2025-05-07 14:59:15,160962.39,6970399,136840,27874
230284,Google Ads,2023-02-04 15:17:16,267976.6,8157940,344781,1497
230285,Direct,2025-03-04 20:35:18,874683.35,8620610,268733,1009
230286,Meta,2023-07-09 13:27:54,9131.41,9905341,276759,1445
230287,OTA,2025-03-18 10:55:45,882553.9,6331974,413196,21559
230288,Email,2023-02-26 17:34:17,156289.93,5508473,229900,1708
230289,Affiliate,2025-08-26 11:43:45,318883.64,8657273,16971,11749
230290,Meta,2025-01-05 23:15:00,653485.87,5655174,378556,24144
230291,Meta,2024-02-18 03:58:41,962413.14,1106687,78232,25172
230292,Google Ads,2023-08-28 03:29:45,983873.74,6431610,259268,19245
230293,Meta,2024-05-21 12:37:03,491531.77,3171835,352969,21524
230294,Direct,2023-05-28 19:21:03,29272.17,3391536,361478,25094
230295,Google Ads,2025-06-04 16:55:30,752252.96,2848218,455312,12728
230296,Email,2025-09-09 05:59:06,13605.69,6336080,14917,16064
230297,Affiliate,2025-12-24 17:40:22,735312.48,4186496,219848,25611
230298,Meta,2023-11-11 19:04:39,745991.33,774510,493451,13533
230299,Affiliate,2024-02-25 05:42:28,609940.41,9518870,236267,27709
230300,Direct,2023-08-03 00:08:15,624510.16,7675432,19016,13404
230301,Meta,2025-03-31 07:36:44,826238.76,3307331,456843,21794
230302,Meta,2025-08-02 20:30:09,39118.32,1259716,23646,3653
230303,Direct,2023-11-20 01:40:05,106609.64,9575630,341895,23230
230304,Email,2023-10-08 20:13:41,179500.53,4540348,72415,3783
230305,OTA,2024-06-23 22:18:21,406722.76,523848,485676,3056
230306,OTA,2023-10-11 23:45:15,80599.43,6784907,479489,20915
230307,Google Ads,2024-08-31 20:30:38,681320.93,4782218,43576,18606
230308,OTA,2024-02-15 06:42:17,385201.95,4810054,203088,22800
230309,OTA,2025-12-04 23:44:39,483303.18,7447647,457548,159
230310,Meta,2025-08-17 21:14:26,822811.74,6860689,484592,23886
230311,OTA,2023-07-24 10:34:33,14586.57,7407793,312510,6414
230312,Affiliate,2023-01-17 15:16:52,940789.14,473028,291355,8836
230313,Direct,2025-02-08 13:15:56,63546.59,3523260,429962,15903
230314,Meta,2023-10-18 17:17:59,778047.75,7541823,256412,29628
230315,Google Ads,2025-02-20 21:38:46,494798.3,1471349,398332,18839
230316,Direct,2024-02-02 15:29:52,11912.03,5705568,136370,18762
230317,Affiliate,2024-06-04 03:44:49,861189.07,6405112,326167,2013
230318,Meta,2023-09-04 12:17:26,391309.21,951669,190550,2232
230319,Google Ads,2023-07-13 23:33:51,446378.21,5861271,363164,10641
230320,Affiliate,2025-05-18 14:05:57,334622.91,8134404,13784,15241
230321,Google Ads,2023-01-22 21:57:37,596362.76,4205378,42148,10258
230322,Google Ads,2023-02-14 08:03:42,192931.22,1532589,366574,24294
230323,Affiliate,2025-01-04 07:39:49,198782.39,8598647,326957,9628
230324,Direct,2025-08-20 01:25:46,182692.55,3721430,358592,27463
230325,Direct,2024-12-19 21:53:04,351009.98,6931323,367991,15164
230326,Email,2025-04-02 09:46:59,697502.64,9831575,89334,23688
230327,Affiliate,2023-09-09 02:29:13,974855.26,5050954,143696,5218
230328,Affiliate,2024-09-10 19:04:46,943027.14,3209212,282448,10009
230329,Direct,2023-04-25 00:06:38,291918.93,8868273,9950,18018
230330,Direct,2023-06-14 15:15:19,38355.23,3237321,110379,4306
230331,Direct,2025-08-28 09:00:04,966509.61,7767965,386145,9325
230332,Email,2024-04-14 05:18:05,776347.01,6153508,428727,6232
230333,Google Ads,2024-06-21 21:01:29,218496.68,3762943,392319,24283
230334,Direct,2023-08-26 23:06:16,700645.37,1328416,405425,688
230335,Email,2023-08-08 16:03:55,553755.09,6308052,407679,9070
230336,Affiliate,2023-02-13 13:43:15,56408.15,9244146,303277,20804
230337,OTA,2025-07-10 17:47:25,749756.48,2578887,126967,29120
230338,Affiliate,2025-04-22 04:42:53,823448.08,396054,295371,7507
230339,Email,2025-10-16 21:29:31,235216.37,1658056,117682,9555
230340,OTA,2025-12-12 21:42:51,896057.93,4608129,34056,2804
230341,Direct,2023-02-24 05:15:25,153546.48,2934318,89885,12378
230342,Meta,2023-08-19 11:33:18,650674.0,3494377,223639,28927
230343,Meta,2024-10-07 13:08:04,422621.06,7507655,5509,2378
230344,Direct,2023-03-04 00:56:30,576657.28,4003625,139381,5076
230345,OTA,2025-06-12 02:16:26,359469.17,241630,296499,21970
230346,Meta,2025-05-18 15:38:36,463026.44,6578026,31556,13320
230347,Email,2023-11-24 18:24:35,457000.86,911118,264324,1001
230348,Affiliate,2023-01-20 07:47:13,441121.3,2656609,32816,2523
230349,Direct,2023-02-22 11:26:05,71248.47,7920331,357268,18486
230350,Affiliate,2024-07-28 03:20:47,643492.07,5746607,43399,6209
230351,Meta,2024-07-14 19:51:59,542043.37,7322117,18194,20902
230352,Email,2023-07-09 15:22:48,509007.97,4892178,384692,26477
230353,Email,2023-11-26 08:40:28,375897.02,692206,374704,2571
230354,OTA,2024-04-26 02:42:34,555663.91,3369082,436799,6506
230355,OTA,2025-02-01 02:02:37,990740.81,3530341,426746,13769
230356,Google Ads,2023-12-22 11:07:16,309095.48,7058966,218553,7079
230357,Affiliate,2024-08-26 03:39:22,333320.34,5313518,85201,16095
230358,OTA,2024-10-28 16:31:33,885888.93,3720633,333091,10941
230359,Google Ads,2024-02-21 20:12:27,951118.1,8723838,333827,12049
230360,Direct,2025-03-08 18:30:36,230239.08,8052653,460016,3380
230361,Meta,2024-06-23 11:29:16,983150.96,4614664,34142,27607
230362,Meta,2024-05-08 17:20:37,52692.16,4441364,137651,25281
230363,OTA,2023-10-21 23:47:14,754297.63,5866971,191746,11367
230364,Google Ads,2023-06-09 23:28:26,797441.35,6918688,98176,26582
230365,OTA,2024-05-30 02:44:10,425603.81,3023297,415371,13866
230366,Google Ads,2025-08-13 15:37:17,646841.65,3029016,186964,9668
230367,Google Ads,2024-08-21 01:01:54,476502.91,3252946,438360,6882
230368,OTA,2024-07-21 11:30:52,676831.62,5516857,10963,17913
230369,Google Ads,2023-03-13 13:30:18,575430.17,9538241,448251,12356
230370,OTA,2025-01-06 14:42:48,629437.19,824484,16344,20280
230371,Direct,2023-07-01 05:13:20,487578.05,3129474,206751,22014
230372,Direct,2023-06-21 14:41:58,513091.36,7438018,155840,5827
230373,Google Ads,2025-09-18 12:49:58,521950.76,1587746,235107,11854
230374,OTA,2025-01-11 04:49:09,423361.48,2121445,83674,6309
230375,OTA,2023-07-03 22:05:15,639853.62,8088282,117598,2808
230376,Direct,2024-03-30 00:42:44,151737.94,8752630,204696,13251
230377,Email,2023-06-25 14:35:02,760368.46,6350767,389108,9929
230378,Meta,2024-12-18 14:58:29,221661.52,5558870,220508,1203
230379,Affiliate,2023-05-05 15:01:35,601995.29,380463,493952,1820
230380,Google Ads,2023-04-09 21:00:31,699292.63,683272,255208,7714
230381,Affiliate,2025-12-20 15:39:04,633821.15,3166426,490879,25757
230382,Affiliate,2024-12-16 05:22:35,928565.85,8562410,387249,2462
230383,Google Ads,2025-06-21 14:57:47,854862.23,8817777,342939,14823
230384,Affiliate,2024-02-23 22:50:10,411385.36,6406107,228874,21392
230385,Google Ads,2025-03-14 09:39:09,671582.28,9509001,46493,16146
230386,Google Ads,2023-02-26 20:15:51,987718.18,8624680,57257,8408
230387,Google Ads,2023-07-12 01:49:20,585305.71,6694984,389174,9884
230388,Meta,2024-07-10 10:31:33,860943.37,3503018,253456,1799
230389,Email,2024-05-15 06:02:02,796340.27,2977381,119372,21648
230390,Meta,2025-04-03 04:40:53,725202.41,1099708,215381,28536
230391,Meta,2023-08-19 12:01:19,809768.28,4180583,411148,20876
230392,Google Ads,2024-06-17 11:26:54,517826.57,7031664,43980,17830
230393,Meta,2023-10-06 20:43:04,305063.74,8028808,111369,27595
230394,Google Ads,2023-09-19 15:48:27,550891.61,7133180,430867,16130
230395,Google Ads,2023-01-13 19:39:21,651889.86,9283120,497543,20164
230396,Direct,2024-09-28 23:58:34,556054.3,3807849,450805,28091
230397,Affiliate,2024-11-14 21:22:55,981892.93,9257956,458327,11620
230398,OTA,2025-01-16 11:14:30,598865.29,7670048,218730,5718
230399,Google Ads,2025-01-20 07:22:21,679963.41,7398437,426245,4069
230400,Affiliate,2023-10-05 08:54:28,282461.56,7720799,493610,14656
230401,Meta,2024-01-28 22:14:55,242717.9,6404667,126424,14214
230402,Direct,2024-11-13 20:43:03,345468.12,4107999,175912,1507
230403,Meta,2023-09-22 12:18:58,708632.08,8448682,57467,19020
230404,Direct,2025-10-23 22:36:18,867933.69,7752961,53819,6514
230405,Meta,2024-06-06 01:53:14,162801.02,5768609,135967,26332
230406,Affiliate,2024-05-03 18:21:49,946455.7,976358,32461,9165
230407,Meta,2025-11-21 20:27:47,566737.01,5779563,258382,19828
230408,Meta,2024-02-07 02:13:53,923429.53,309027,251176,3972
230409,Affiliate,2025-08-17 11:16:16,707034.58,5633562,252491,14622
230410,OTA,2023-12-04 00:26:51,78050.29,8185924,113275,5595
230411,Meta,2023-05-13 19:28:05,393765.8,413056,415710,23119
230412,Meta,2024-09-25 07:47:54,81357.06,6432073,457484,13570
230413,Email,2025-01-03 01:00:15,851873.79,4792161,331299,19673
230414,Affiliate,2025-03-03 11:21:17,853966.72,8924702,315604,13859
230415,OTA,2024-06-10 18:24:28,312009.98,1608766,33404,366
230416,Affiliate,2024-04-22 15:03:56,809153.64,4751458,362408,15846
230417,OTA,2023-06-21 03:26:45,853069.27,4258165,310551,9636
230418,Email,2023-11-14 14:34:33,812543.93,820520,255553,7118
230419,Meta,2025-09-08 21:32:24,629989.46,1557862,246031,12869
230420,OTA,2025-01-16 06:45:34,752369.19,477925,477426,28062
230421,Direct,2024-06-03 11:16:47,12538.77,993048,400714,12147
230422,Affiliate,2025-02-12 05:05:10,778295.88,7561728,347910,9776
230423,Email,2024-04-27 02:20:12,828223.26,2704397,134663,17597
230424,Direct,2025-03-06 06:52:29,865946.84,9654820,417712,5037
230425,Email,2025-04-10 09:50:34,763161.96,3572603,138092,25279
230426,Affiliate,2025-08-04 07:41:19,613968.69,16680,112581,13067
230427,Google Ads,2024-09-26 04:30:35,905032.07,5224263,425406,18544
230428,Meta,2025-10-09 17:06:27,718134.41,3606975,347171,21383
230429,Direct,2024-10-18 09:54:22,605423.72,4761284,334771,2838
230430,Affiliate,2025-01-08 11:16:56,380142.07,6738078,229134,27493
230431,Meta,2023-03-07 16:14:54,842198.4,6910694,361905,16151
230432,OTA,2025-02-26 05:26:16,710709.23,5480415,148598,18095
230433,Affiliate,2023-12-15 00:59:48,915434.59,3564092,476844,5804
230434,Google Ads,2025-10-19 16:07:54,762012.92,6127290,399650,22192
230435,OTA,2023-08-16 15:50:49,892713.71,5470327,187314,19954
230436,Meta,2024-12-04 23:42:21,915981.93,9229879,459605,28335
230437,Direct,2025-04-09 23:43:27,438536.76,3291385,122506,15499
230438,Email,2024-09-17 11:06:24,523893.61,3723170,8052,25099
230439,Meta,2025-11-18 19:30:08,15206.72,5080252,273656,10688
230440,OTA,2024-03-06 14:39:04,630696.73,8868501,242532,15194
230441,Affiliate,2024-10-29 23:22:31,137152.28,5579299,320676,25462
230442,Meta,2023-09-17 09:14:09,540160.12,8811566,127974,3732
230443,Meta,2025-05-17 14:54:55,463477.23,8509005,83232,12136
230444,Meta,2024-08-31 06:39:13,460279.77,4442449,137957,4153
230445,Meta,2025-03-10 00:48:16,544579.41,529989,190185,25968
230446,Email,2025-11-13 03:08:13,564278.01,4564275,374401,17089
230447,Google Ads,2024-01-09 17:37:23,200437.14,2227924,222380,10795
230448,Direct,2025-07-17 01:25:31,319486.9,8627276,190445,21219
230449,Google Ads,2025-10-18 12:05:04,288280.34,6117264,286553,2677
230450,Affiliate,2025-12-24 08:09:12,126534.29,8484316,292643,20979
230451,Affiliate,2023-07-16 09:18:27,147950.06,8876657,217777,23648
230452,OTA,2024-03-14 00:54:18,28319.19,944522,135910,28097
230453,Email,2023-08-25 18:15:40,457850.74,5426506,124325,9892
230454,Email,2025-04-13 18:41:17,930201.98,4844385,419406,25984
230455,Affiliate,2025-06-13 10:41:55,868214.5,9822194,243813,9072
230456,OTA,2023-07-13 18:29:29,276441.35,4604857,320017,16316
230457,Affiliate,2025-03-18 11:20:47,771191.33,7257598,199650,17637
230458,Google Ads,2024-06-30 07:17:40,636019.89,8743905,484721,21435
230459,OTA,2023-09-26 16:32:54,798348.66,8449118,43956,28977
230460,Google Ads,2023-02-12 12:43:39,408612.61,1843351,247898,2857
230461,Affiliate,2025-08-03 09:49:24,907168.9,9069535,325144,2924
230462,OTA,2023-10-21 21:14:10,501451.07,7775325,146524,13485
230463,Meta,2025-05-12 13:26:07,613494.12,1467475,492299,8388
230464,OTA,2024-02-26 01:59:59,482108.99,6303646,325714,26863
230465,Email,2024-12-25 00:28:08,440411.69,5991353,41991,2892
230466,OTA,2023-10-13 09:38:55,806004.44,8661000,201989,10079
230467,Meta,2025-01-30 08:54:28,145191.5,6957381,154335,17271
230468,Meta,2024-02-07 19:43:47,764923.86,7980167,440506,3870
230469,OTA,2025-10-16 22:21:22,49074.9,9555951,468804,17058
230470,Meta,2023-03-10 19:16:57,375216.62,7174065,431883,22999
230471,Direct,2024-08-18 19:24:48,398478.69,3936576,425138,29908
230472,Email,2025-05-05 15:37:31,639521.86,4976871,355520,17890
230473,OTA,2025-10-06 09:17:15,537009.08,6555292,280965,11032
230474,Google Ads,2024-09-07 06:33:25,166278.63,4694328,405484,23516
230475,Email,2024-08-23 22:06:10,577926.59,36635,317151,2902
230476,Email,2023-01-08 18:32:12,485329.27,620260,89316,22444
230477,Direct,2023-12-23 13:20:56,398476.52,9142490,20268,11721
230478,OTA,2025-04-06 23:58:23,382387.81,2966876,446643,8687
230479,Meta,2024-03-29 08:33:01,433051.18,5907383,24641,7996
230480,Email,2025-05-09 00:19:12,625389.89,9126840,222203,2403
230481,Direct,2024-04-29 02:40:09,451501.28,2196919,198194,29483
230482,Direct,2024-10-01 19:09:03,469262.29,6711800,494544,29013
230483,Email,2024-02-02 02:09:26,19497.89,7756569,156943,25274
230484,Google Ads,2023-09-23 03:23:40,776641.63,959993,164944,10890
230485,Meta,2023-08-20 01:42:34,131553.14,8359512,430315,14437
230486,OTA,2023-06-24 09:17:04,63793.36,7369161,337525,24273
230487,OTA,2023-01-22 17:58:20,130627.05,6726768,356284,3772
230488,OTA,2023-07-09 19:23:57,908032.28,3237781,429523,12028
230489,Email,2023-09-18 13:13:05,717360.83,5775095,368386,4980
230490,Direct,2024-05-12 21:20:38,667769.48,621080,344988,27119
230491,Direct,2024-12-22 17:04:40,635489.05,6926701,220320,11875
230492,Email,2023-08-21 03:25:34,672635.78,908382,479698,11576
230493,OTA,2023-03-27 11:01:01,214348.52,5710959,325486,23310
230494,Direct,2023-07-07 01:35:56,253330.4,5354908,369918,2142
230495,Google Ads,2023-05-24 05:47:03,198294.54,5109850,148023,17752
230496,Direct,2024-01-13 12:11:52,191933.48,6568694,319407,2605
230497,Direct,2025-10-07 11:38:03,578998.38,5102750,374093,26861
230498,Meta,2024-03-07 13:05:03,526216.41,2596775,310728,1350
230499,Google Ads,2024-01-25 19:33:26,935498.53,3442278,272119,29895
230500,OTA,2024-01-31 17:13:02,411792.72,6201582,484107,16021
230501,Affiliate,2025-03-29 05:59:59,825120.79,2271137,408118,21707
230502,Direct,2025-09-19 20:22:30,685137.28,1374066,267497,5220
230503,Meta,2023-06-27 19:01:50,69359.93,5298098,305362,22593
230504,OTA,2024-11-13 14:35:57,323916.42,9229609,345678,2347
230505,Email,2024-10-09 16:36:50,813258.62,6495338,266801,15441
230506,Email,2023-11-10 14:33:07,843053.06,7403054,342577,19408
230507,Google Ads,2023-09-05 02:45:06,766632.3,7121853,182027,15516
230508,Meta,2025-07-03 15:05:03,853928.23,6813154,281013,16447
230509,Direct,2023-09-14 02:09:26,755886.28,8059263,355418,27903
230510,Email,2024-03-05 01:48:15,355894.14,1023950,413765,12782
230511,Meta,2023-12-25 05:20:39,68039.02,7288139,377013,2239
230512,Direct,2023-03-12 15:08:26,522981.32,6871172,331801,13264
230513,Direct,2024-06-23 23:22:15,63286.82,3852726,119648,21098
230514,Meta,2024-10-22 04:57:08,284738.17,7933513,130650,13285
230515,Email,2024-01-14 11:15:45,235144.45,5736985,32211,16247
230516,Email,2024-01-13 12:06:56,755192.93,3026229,483508,2041
230517,Google Ads,2024-02-05 04:17:40,615837.87,1708072,120021,15083
230518,Direct,2024-08-18 20:10:22,903025.32,4171302,215910,24454
230519,OTA,2024-02-18 23:50:52,35603.91,2731728,493540,9381
230520,Meta,2024-05-10 09:43:04,210582.98,3503900,96757,14845
230521,Email,2024-03-13 14:42:29,121200.5,3302719,397948,4405
230522,OTA,2023-12-06 05:55:26,941708.28,839440,3087,29128
230523,Affiliate,2024-01-16 01:11:05,898740.96,4991041,267314,27655
230524,Google Ads,2024-04-11 06:25:08,520429.67,4266944,364747,5635
230525,Google Ads,2024-07-26 00:58:59,899699.8,1422916,229374,20723
230526,Meta,2023-01-04 11:51:05,401643.77,2648729,287967,18655
230527,Affiliate,2025-07-17 02:21:20,127018.16,7937055,143582,13850
230528,Meta,2023-01-27 09:36:04,727129.82,3265206,292907,3694
230529,Email,2024-04-29 21:32:07,224410.49,1736609,53777,3683
230530,Affiliate,2024-08-07 04:35:44,799606.44,8703388,486818,27522
230531,Direct,2024-02-15 13:08:02,236392.03,9562792,411935,16465
230532,Direct,2023-11-01 13:34:54,93591.01,9398825,247602,23578
230533,OTA,2024-07-27 22:31:56,431764.45,694225,14463,1420
230534,Google Ads,2023-01-21 01:53:57,859095.93,5615745,244519,377
230535,Affiliate,2023-08-17 09:13:08,230466.9,5026378,26353,2124
230536,Direct,2025-04-02 03:30:17,171378.19,8050247,494197,21468
230537,OTA,2024-04-30 23:46:58,132042.65,7228112,288805,4944
230538,Direct,2024-09-01 14:11:12,55573.64,235674,437825,27913
230539,Meta,2024-01-09 08:32:35,312694.03,7588967,401166,13401
230540,Affiliate,2025-10-05 12:35:46,756461.16,5496002,101926,28406
230541,Affiliate,2025-11-09 10:59:59,447358.75,4507143,214325,9112
230542,Meta,2023-11-27 21:09:43,193419.86,6784836,203741,18624
230543,Affiliate,2024-06-03 20:13:48,331049.97,5273546,136822,19965
230544,Affiliate,2023-04-29 16:35:33,271594.33,4043014,45653,11178
230545,Meta,2025-07-20 05:15:50,194147.51,4664162,432450,3110
230546,Affiliate,2023-08-27 15:03:41,536918.54,8906612,114394,29268
230547,Email,2024-10-27 04:35:03,824563.66,810080,256076,4472
230548,Direct,2023-04-07 02:46:40,692620.84,7575847,149504,2851
230549,Email,2023-12-25 02:12:57,649111.65,2533295,141641,16859
230550,Direct,2025-03-14 06:15:14,538151.71,5433484,111106,7466
230551,OTA,2025-06-02 07:45:09,303459.97,1029520,68837,12954
230552,Meta,2024-05-17 22:20:18,144369.05,4844059,367315,6120
230553,Email,2023-01-02 22:36:36,515775.2,4590632,260661,2665
230554,OTA,2025-05-28 13:43:53,265907.22,857958,69998,8561
230555,Email,2024-03-20 22:14:47,300169.84,9044808,447054,20893
230556,Meta,2025-07-05 23:22:03,138663.97,9999060,444952,22955
230557,OTA,2025-04-05 19:06:49,802341.8,1816562,311348,12738
230558,Google Ads,2023-10-08 20:34:13,545295.47,9703387,19172,2497
230559,Meta,2024-04-10 00:40:11,212103.37,7660131,495735,18384
230560,Google Ads,2025-02-07 05:21:01,612325.13,2617409,70135,7233
230561,Affiliate,2023-12-02 14:32:16,871406.12,181837,290590,24455
230562,Affiliate,2024-08-07 08:28:47,598491.03,1645964,196725,10030
230563,Direct,2024-10-08 14:54:58,494668.7,1727110,340165,1444
230564,Email,2023-11-06 02:14:53,620571.9,1355086,417761,5455
230565,Email,2024-04-22 21:29:31,49242.55,7081194,156258,11667
230566,Google Ads,2024-01-30 13:28:33,323217.81,953736,78587,11570
230567,Affiliate,2025-11-20 07:57:32,579646.49,3958545,462818,28549
230568,Google Ads,2024-01-30 20:37:41,88022.49,2986482,22648,29306
230569,Google Ads,2025-10-27 05:07:19,455911.52,8180136,254854,19606
230570,Meta,2025-11-21 09:07:31,494852.32,6534869,160555,19882
230571,Direct,2024-04-27 18:47:50,926678.42,8570151,169140,3439
230572,Direct,2025-10-29 21:01:51,486023.37,8131270,18007,15543
230573,Email,2023-12-23 19:03:26,73257.4,5355527,226768,3417
230574,Google Ads,2025-08-15 10:52:45,291333.02,6638510,69721,2460
230575,Meta,2023-10-23 10:41:02,333038.76,6410141,268744,21852
230576,Direct,2025-10-28 23:07:50,812377.52,625864,453482,1165
230577,Affiliate,2024-09-01 00:46:24,886208.46,9086901,361694,25726
230578,Google Ads,2024-10-23 16:24:08,809506.19,3887488,475325,12258
230579,OTA,2023-11-23 16:55:21,736945.86,2350941,286118,7706
230580,Meta,2025-06-13 21:45:11,33030.93,312561,119438,28813
230581,Meta,2025-02-15 11:52:18,523221.76,9650653,259196,26257
230582,Google Ads,2025-06-20 00:05:19,939480.52,2982494,28149,19399
230583,Affiliate,2024-02-29 20:25:34,430730.4,9287144,170344,21743
230584,OTA,2025-07-11 14:06:45,29782.0,8339269,118760,11272
230585,Email,2023-01-01 00:54:49,808961.87,4226787,434327,22908
230586,Meta,2024-06-18 07:14:43,67422.07,4735466,201013,6860
230587,Google Ads,2025-10-07 09:27:30,366475.33,1034539,402884,20229
230588,Email,2025-05-06 23:21:56,242971.87,4230753,441691,18427
230589,Google Ads,2025-12-13 09:35:47,841610.92,7888927,218020,22976
230590,Meta,2025-08-01 14:21:41,118120.01,8937430,253577,28670
230591,Direct,2025-12-11 18:22:37,920793.85,8773869,447891,8979
230592,Google Ads,2023-03-07 02:20:20,50072.48,2061583,11748,12921
230593,Google Ads,2025-04-30 18:08:49,726386.48,3827122,290122,12681
230594,Google Ads,2025-07-13 21:03:29,738735.7,4604823,89546,6759
230595,Email,2024-11-29 15:49:38,284151.56,6502068,302437,3809
230596,Affiliate,2023-05-05 14:14:51,907860.44,6250009,473235,5314
230597,Google Ads,2023-01-01 01:53:07,179330.44,9929098,390573,8152
230598,Email,2025-06-30 05:57:51,524710.05,1260382,273261,6782
230599,Affiliate,2024-10-17 09:28:52,361694.33,690884,483664,15148
230600,Direct,2025-04-06 19:58:15,298036.52,4984425,30029,16371
230601,Email,2023-08-20 05:06:23,740142.29,6629836,342984,9171
230602,Affiliate,2024-12-03 04:01:53,33079.04,7826746,20487,24874
230603,Meta,2023-07-11 08:20:15,271261.82,176058,105558,5747
230604,Google Ads,2024-03-03 14:52:31,190034.46,8319134,286005,3248
230605,OTA,2024-12-12 19:40:51,820941.36,1004325,441710,25534
230606,Affiliate,2025-03-24 01:21:19,112601.12,1488691,317123,14634
230607,Meta,2024-07-12 18:51:18,344905.29,1995520,102767,8127
230608,OTA,2023-05-29 15:35:35,267292.06,9727298,115653,13347
230609,Email,2025-11-18 06:17:44,808574.23,4745640,363826,11002
230610,Email,2024-03-19 03:23:58,284127.88,5237368,61442,12270
230611,Meta,2024-02-10 04:36:12,183763.57,3475179,487072,28577
230612,Google Ads,2025-01-14 08:42:04,424643.57,9962652,243241,13990
230613,Meta,2025-10-27 15:58:26,662296.12,5470928,281244,26743
230614,Direct,2023-11-13 20:53:10,103477.02,8245606,120871,3140
230615,OTA,2024-07-19 13:44:47,740371.87,7344663,108783,22408
230616,Direct,2023-12-22 18:51:45,990392.74,185259,232179,27253
230617,OTA,2023-01-07 07:45:38,956866.2,9871040,478209,2748
230618,Affiliate,2024-09-03 14:32:59,72720.75,1067260,11675,15864
230619,Affiliate,2024-11-24 21:07:05,169392.92,6600710,134397,19991
230620,Affiliate,2025-05-17 11:40:30,572287.12,1990386,30189,734
230621,OTA,2025-05-11 09:07:05,221519.42,3601312,348287,194
230622,Meta,2023-02-21 04:00:52,985592.99,9109797,497283,12998
230623,Meta,2025-03-05 06:45:11,89617.19,3024629,169697,24883
230624,Affiliate,2023-02-19 14:51:53,657352.59,2806131,177320,2708
230625,Google Ads,2025-12-01 23:25:27,935332.33,3677542,321402,22842
230626,Direct,2024-09-03 11:24:17,681854.39,6510036,413565,22059
230627,Meta,2023-08-25 05:54:56,62173.5,5465088,111662,5789
230628,Direct,2025-06-26 17:29:22,736786.6,5196624,212414,10838
230629,Email,2023-09-25 18:13:23,152099.72,8339988,371341,15941
230630,Affiliate,2025-12-10 16:47:41,628379.88,3946462,199972,3774
230631,Meta,2024-04-30 00:53:48,802464.65,9042785,38149,4493
230632,Email,2023-06-15 14:42:36,189175.29,7333211,449822,12906
230633,Google Ads,2024-09-28 10:42:54,911919.69,1203053,317607,27906
230634,Google Ads,2024-06-10 04:17:51,745705.5,2319981,91726,18981
230635,Google Ads,2023-07-06 13:11:17,126875.16,2908803,415177,26991
230636,Email,2024-05-01 04:42:48,683117.1,1268318,344944,5359
230637,Email,2025-11-06 12:06:51,905338.13,1040374,369815,16693
230638,Google Ads,2025-07-27 01:34:46,87768.03,1268141,64243,29118
230639,Meta,2023-02-28 00:51:48,929583.86,1253452,35397,26128
230640,Google Ads,2025-03-13 02:43:06,862648.74,5762770,1268,11219
230641,Affiliate,2024-03-06 21:32:07,327225.99,9789209,480857,5101
230642,Direct,2025-01-20 02:25:33,707923.34,4205929,468165,4909
230643,Google Ads,2025-11-29 06:28:54,505128.43,9615440,357119,19645
230644,Meta,2023-04-19 23:29:06,420904.28,4310269,359832,3040
230645,Direct,2025-02-27 10:47:01,819007.88,3362927,85551,25383
230646,Meta,2025-05-22 11:31:10,865373.47,288447,472521,28587
230647,OTA,2024-04-30 21:44:51,593715.09,2819142,305793,16610
230648,OTA,2024-12-15 17:36:38,310274.54,4058059,11633,17419
230649,OTA,2024-12-06 16:39:24,309738.25,804775,73879,4645
230650,Direct,2025-03-27 00:03:56,410686.74,9388566,120347,205
230651,OTA,2023-04-26 07:34:12,514512.47,5603281,298274,6280
230652,Email,2025-02-05 08:23:38,305347.82,6775028,32360,10480
230653,Meta,2024-08-19 01:28:35,307465.57,8067381,456390,3276
230654,Email,2023-08-28 10:18:01,566067.77,6445118,203668,23366
230655,Direct,2025-12-11 21:46:07,723670.79,1221578,165438,14366
230656,Affiliate,2024-01-13 03:54:05,632558.4,7589412,56166,10398
230657,Google Ads,2023-08-26 09:59:53,599967.81,1265711,105915,1861
230658,OTA,2025-08-05 14:09:14,340521.4,2819770,314452,14937
230659,Affiliate,2023-12-02 22:17:22,50597.28,7089620,24615,7302
230660,Affiliate,2023-08-30 04:06:03,250863.41,5626422,475080,20438
230661,Meta,2024-05-05 16:49:57,813165.7,3805363,157243,20667
230662,Affiliate,2023-12-13 00:32:40,87064.4,8151330,155888,21407
230663,Meta,2024-03-09 01:24:53,351937.37,1064508,190046,16377
230664,OTA,2023-07-03 07:14:22,546064.66,4295770,349788,10775
230665,Google Ads,2023-01-26 16:47:58,734354.92,4216660,322663,28084
230666,Direct,2024-05-05 08:01:47,576356.73,4946054,259248,12088
230667,Affiliate,2023-08-31 14:39:37,434928.16,2975833,39291,6337
230668,Google Ads,2025-09-16 21:30:49,797405.53,4786806,452160,12803
230669,Affiliate,2023-12-06 19:27:42,845635.69,6715532,56223,17927
230670,Direct,2025-11-03 10:12:17,19872.9,6455283,243065,11542
230671,Email,2024-03-25 03:06:20,921607.95,7651644,393708,352
230672,Meta,2023-06-15 07:24:03,73073.8,4056111,28140,7358
230673,Meta,2024-08-20 16:00:56,6018.63,4340573,62228,5229
230674,Direct,2023-06-01 02:52:30,340327.03,1968631,485284,28092
230675,Google Ads,2023-08-07 05:26:16,562976.84,2706297,369085,15156
230676,OTA,2024-07-18 12:28:01,385129.54,4940553,167257,19976
230677,Direct,2024-07-16 02:25:36,466029.06,1715075,450204,23344
230678,Email,2024-07-27 15:12:30,56645.54,4581017,333909,24422
230679,Email,2024-12-11 10:21:35,132563.91,9644833,172778,29582
230680,OTA,2023-11-29 23:10:38,736670.73,3276798,287562,28937
230681,Direct,2023-03-21 20:00:34,804067.88,7219398,481253,6879
230682,Direct,2023-09-24 15:13:03,360867.39,422309,205922,3263
230683,Email,2024-01-21 16:11:04,269523.8,7249704,291457,23926
230684,Affiliate,2025-10-29 12:45:21,170440.8,9185863,335552,21384
230685,OTA,2024-02-14 05:27:04,732932.81,8041310,379156,16352
230686,Direct,2024-01-09 20:17:22,462039.25,6772676,202641,6809
230687,Google Ads,2023-10-30 21:40:34,627912.74,628804,167883,3114
230688,OTA,2024-03-31 21:18:32,442162.13,6964439,298092,14184
230689,Affiliate,2024-02-10 10:33:17,739561.96,3709767,55457,5369
230690,OTA,2024-07-25 06:25:44,718327.78,6464938,253947,7427
230691,Email,2023-09-09 10:41:14,982529.69,9529798,365587,23599
230692,Direct,2025-05-04 17:59:23,473435.61,1481352,488303,20486
230693,Meta,2025-09-22 22:15:57,409219.7,6352158,110978,8898
230694,Meta,2023-08-01 18:47:10,578555.79,2176226,164233,12402
230695,OTA,2023-06-07 16:47:29,293529.91,3947211,234380,8741
230696,Meta,2024-07-28 21:03:33,921174.79,3824560,429622,2311
230697,Google Ads,2023-03-08 01:30:19,410271.13,9729502,413357,27547
230698,Google Ads,2024-01-19 00:28:17,159056.92,4302892,52303,19744
230699,Email,2025-05-01 14:04:51,190164.25,6522362,355757,13366
230700,Meta,2023-08-21 21:43:37,412799.51,7787480,437716,22476
230701,Direct,2023-04-02 20:44:07,191823.67,427945,474088,8384
230702,Google Ads,2025-05-15 08:49:59,47440.19,441992,384804,25111
230703,Direct,2023-12-07 13:44:46,817531.92,9939769,334487,15567
230704,Google Ads,2025-09-18 02:29:29,445516.41,3709716,283224,27391
230705,Email,2025-03-10 01:17:51,432429.08,1255142,39286,25596
230706,Affiliate,2025-10-07 16:29:09,977740.4,4153906,404501,7055
230707,Email,2023-09-22 21:22:00,297971.2,9935666,90928,8655
230708,OTA,2024-09-21 12:56:06,159511.76,5899776,293294,16509
230709,Meta,2025-03-25 15:58:35,195892.64,4316964,404006,5913
230710,Meta,2023-12-03 08:13:56,164711.03,2176039,77774,136
230711,OTA,2024-03-08 06:09:01,22192.69,2279625,136942,6076
230712,Direct,2024-07-01 14:13:03,343541.97,9730100,498730,10272
230713,Direct,2025-04-03 06:03:54,273166.62,6072888,132330,14332
230714,Meta,2023-11-11 01:07:56,895277.49,6738121,124328,5641
230715,Direct,2023-02-26 06:27:12,537700.73,4893571,371319,15790
230716,Affiliate,2023-09-14 23:15:56,524367.06,327179,238253,22248
230717,Google Ads,2023-05-16 06:32:25,533180.66,4788821,477037,9292
230718,Affiliate,2024-04-02 17:39:40,84090.28,5652396,227110,12394
230719,OTA,2024-02-02 06:40:27,222634.48,2482111,17413,29279
230720,Google Ads,2024-01-09 19:20:36,451246.21,5772739,492769,6171
230721,Affiliate,2024-12-07 07:05:19,483091.02,7054986,309325,21904
230722,Meta,2024-07-01 00:12:53,352994.84,8925586,182103,14273
230723,Meta,2023-11-13 17:07:00,133430.12,9205966,118976,19990
230724,Email,2023-07-25 10:23:45,592992.23,9926815,307143,28922
230725,Affiliate,2025-02-17 19:33:12,152414.85,4399780,454772,449
230726,Google Ads,2025-10-11 11:50:19,976761.31,7390520,319094,16496
230727,Direct,2024-09-27 19:06:17,80408.15,4521861,91555,9189
230728,Email,2023-02-08 15:38:38,879431.02,4407762,228369,10698
230729,Google Ads,2024-10-07 01:31:57,365477.43,1368755,204555,8238
230730,Meta,2023-09-25 05:04:26,867315.82,3755374,345131,6528
230731,Email,2025-06-21 02:41:19,843005.84,6222387,105937,8546
230732,OTA,2024-05-10 01:07:52,487152.79,6514144,409192,4677
230733,Google Ads,2023-06-14 08:35:25,310213.37,7893269,295271,4181
230734,Email,2024-11-20 02:59:58,606956.03,4382027,258200,23568
230735,Meta,2024-09-06 08:44:24,930963.15,941419,381956,22647
230736,OTA,2024-05-19 23:51:38,837273.43,5471734,310195,23987
230737,OTA,2023-09-18 18:01:49,584754.14,4658760,287597,7753
230738,Meta,2024-12-03 14:35:13,738848.4,2610371,492261,28166
230739,OTA,2023-12-25 06:27:57,791451.02,9743936,148177,7864
230740,OTA,2023-01-09 05:55:34,163361.09,4027322,275187,29113
230741,Google Ads,2025-08-09 07:30:43,861899.57,4769495,104634,28605
230742,Meta,2025-11-04 19:44:11,914028.41,3803447,252664,13648
230743,Direct,2023-02-18 00:13:52,598535.9,7501450,154862,19154
230744,OTA,2025-01-30 06:30:22,862757.09,652772,418815,10690
230745,Email,2025-12-06 09:22:44,56488.64,6608865,413551,20063
230746,OTA,2023-06-09 23:38:09,205515.28,7032200,127179,22823
230747,OTA,2023-11-11 15:17:00,882064.43,507269,315145,16485
230748,Affiliate,2023-05-24 17:19:08,680894.13,2348071,460921,13670
230749,Meta,2025-05-05 17:46:46,944900.18,2368123,385668,14773
230750,Email,2025-09-16 00:18:54,696783.62,6771862,216428,20364
230751,OTA,2023-02-22 13:17:55,18637.45,8586191,416367,17460
230752,Affiliate,2024-03-17 13:35:18,784004.92,1587841,62754,20221
230753,Email,2024-07-11 19:07:08,645904.92,3905742,349244,18476
230754,OTA,2025-08-19 14:44:19,631976.79,5544036,408205,10543
230755,Affiliate,2024-08-08 17:46:20,350032.93,8400935,154195,21431
230756,Direct,2025-05-24 06:01:14,336592.46,8123018,35420,20225
230757,Direct,2023-02-28 04:49:59,208012.93,8622903,49618,8844
230758,Affiliate,2024-07-04 22:55:59,486735.05,8386101,191430,8221
230759,Meta,2023-04-08 00:51:53,710511.95,7836243,91801,27936
230760,Affiliate,2025-05-24 01:24:01,587870.01,3761755,498991,18376
230761,Google Ads,2024-11-19 16:48:15,294563.4,5516950,235523,9408
230762,Google Ads,2025-07-29 05:01:29,95691.65,7112919,100794,23997
230763,OTA,2023-10-31 20:06:27,677297.12,5668559,43923,7053
230764,OTA,2025-03-17 20:41:48,728531.92,6831545,21068,12837
230765,Email,2023-12-28 10:16:30,653242.22,6974260,218844,20571
230766,Meta,2023-12-15 04:44:31,431995.88,4169429,36361,8462
230767,Google Ads,2024-04-17 19:35:34,230035.91,6305858,183658,10805
230768,OTA,2025-06-16 07:30:43,274688.19,8611855,237600,22230
230769,Meta,2023-11-26 18:53:33,497063.79,4364037,119036,20724
230770,Meta,2024-05-14 11:40:52,712006.13,9694377,79891,20124
230771,Affiliate,2025-09-18 18:41:18,812589.2,6229725,29094,24937
230772,Meta,2024-02-23 22:13:47,697543.54,8823270,263101,5237
230773,Meta,2024-10-18 00:59:52,383967.8,1480024,493690,11274
230774,OTA,2025-02-02 10:27:53,487478.1,930950,81827,22067
230775,Google Ads,2025-10-11 06:55:17,590092.23,2201127,258509,18847
230776,Direct,2023-12-13 04:46:53,163172.63,8352874,202379,24405
230777,Meta,2024-12-06 06:48:50,295173.26,9782896,407913,3205
230778,OTA,2025-11-22 16:54:50,357651.26,3719193,378175,23377
230779,OTA,2024-02-23 21:34:23,524767.66,4167054,452029,24342
230780,OTA,2023-03-28 08:20:52,69942.32,9976799,394720,16918
230781,Google Ads,2024-07-17 01:20:10,513639.86,5211293,111470,15670
230782,OTA,2024-12-22 12:33:46,592269.33,5912719,151474,17917
230783,Meta,2023-11-30 00:34:50,693329.91,5565465,146497,10203
230784,Google Ads,2024-04-07 15:05:51,549547.42,7837774,428861,3860
230785,Google Ads,2024-11-05 16:03:53,164812.59,1594724,102856,13645
230786,Affiliate,2025-05-02 12:21:06,562784.02,2605480,350393,19750
230787,OTA,2024-01-10 19:12:43,577249.9,646378,439513,15978
230788,Email,2024-09-26 15:15:00,405212.39,9650748,240800,13737
230789,Direct,2023-10-24 22:39:19,995742.58,398107,126600,14493
230790,Direct,2023-02-14 09:03:48,749692.44,3862440,194251,19990
230791,Affiliate,2023-11-24 09:32:18,853139.22,8064171,367326,14708
230792,Google Ads,2023-12-26 18:18:39,442207.38,2745619,384967,1046
230793,Google Ads,2024-02-22 08:46:14,612842.52,2184728,286938,27740
230794,Email,2025-01-28 04:39:47,8002.54,8286522,3209,7927
230795,Google Ads,2023-02-14 07:29:44,234823.31,2176231,394628,28479
230796,Google Ads,2023-02-08 07:33:36,577945.34,1869744,466924,9845
230797,OTA,2023-06-16 18:17:29,267641.75,9147395,175837,28425
230798,Meta,2023-12-23 08:31:28,143938.07,249890,252752,7914
230799,Affiliate,2023-07-24 08:48:22,181019.64,4467964,416757,8226
230800,Google Ads,2025-11-25 12:02:35,695473.15,235516,240071,11409
230801,Google Ads,2024-05-08 18:40:47,206606.64,6309672,385875,11433
230802,Affiliate,2025-03-09 01:15:46,988599.88,1586882,328981,16722
230803,Google Ads,2023-03-03 01:42:09,272607.16,7667608,41895,2218
230804,Google Ads,2024-08-01 21:36:22,592688.49,5834515,6105,10437
230805,Email,2025-10-03 14:29:22,22011.31,1183536,148700,9826
230806,Email,2023-06-09 01:05:39,106099.79,2727807,366228,27286
230807,OTA,2025-09-07 18:39:37,66354.07,5263012,222361,26900
230808,Direct,2025-07-30 00:08:18,675991.75,355109,472105,27147
230809,Meta,2024-05-23 03:40:46,428967.26,5619181,491469,27287
230810,Google Ads,2025-04-16 02:14:48,599084.73,107081,67570,8096
230811,Email,2025-04-06 20:43:20,528531.23,7191440,62498,22550
230812,Google Ads,2024-06-24 20:46:46,784879.07,5841701,950,14453
230813,Meta,2024-08-13 12:15:06,858257.18,7646426,406091,21971
230814,Affiliate,2023-01-03 10:23:34,391860.22,8524214,299942,2769
230815,Direct,2025-10-11 05:56:00,545893.03,780281,328692,14807
230816,Meta,2024-07-07 08:41:09,81061.12,6203630,133226,17606
230817,OTA,2025-08-11 04:46:16,861101.56,1819167,8925,18808
230818,Direct,2025-11-21 22:10:28,585082.97,5134559,42612,29867
230819,Direct,2025-08-02 21:40:05,490209.75,6457858,140808,15974
230820,Google Ads,2024-03-12 01:33:08,61251.11,2933057,94424,22647
230821,Affiliate,2023-01-05 01:10:12,625615.88,3567674,195486,1258
230822,Meta,2023-07-17 03:00:18,546502.91,1881881,272679,9994
230823,Google Ads,2025-10-02 00:48:39,811821.66,897411,373369,10273
230824,Direct,2024-11-05 17:36:27,886268.77,7324645,203550,29010
230825,OTA,2024-11-29 00:07:56,426855.32,8076273,430710,7672
230826,Email,2023-11-30 23:20:17,383693.11,2563539,275044,6422
230827,Direct,2023-05-13 04:30:44,839403.01,679642,27429,9833
230828,Meta,2023-12-21 07:19:43,664159.49,2747663,411873,2869
230829,Direct,2024-09-25 21:17:21,985364.01,4470700,375837,6959
230830,Email,2024-12-01 23:26:14,591210.78,5387775,158687,208
230831,Email,2024-03-15 06:04:30,134471.44,505612,401807,9949
230832,Direct,2024-02-14 11:32:18,761425.69,6308342,35063,15956
230833,Direct,2023-06-05 11:58:39,835652.58,3709136,177579,23904
230834,Meta,2024-09-13 18:17:34,856162.89,4919735,45742,24580
230835,OTA,2025-04-21 09:12:08,766726.75,2942076,251146,10064
230836,Google Ads,2023-03-16 00:20:02,667475.68,3277146,277756,20366
230837,Meta,2023-07-16 02:16:45,665620.1,733896,179064,23862
230838,OTA,2023-01-22 06:15:54,720889.53,8196545,452321,10764
230839,Meta,2024-01-27 04:34:00,794944.45,9914703,315288,24667
230840,Meta,2024-01-08 05:15:47,439541.51,7155477,457991,27368
230841,Google Ads,2025-04-03 02:50:53,763356.78,9621116,482499,4327
230842,Affiliate,2024-02-03 14:35:33,189392.35,3296418,168209,29130
230843,Email,2025-03-15 08:35:15,85168.74,308103,487224,17321
230844,Google Ads,2024-06-26 06:33:35,729227.29,2992544,29262,21292
230845,Affiliate,2023-01-17 04:59:13,751097.92,1053334,200157,18463
230846,Direct,2024-10-25 07:19:54,150632.32,3628594,487091,21757
230847,Meta,2024-09-09 19:56:50,699019.68,8070517,496734,6456
230848,Meta,2023-11-06 23:09:07,344927.97,3158648,368322,6702
230849,Direct,2024-07-28 17:27:12,458552.1,258411,1646,885
230850,Direct,2023-11-07 05:22:27,794051.65,7963268,116586,6513
230851,Affiliate,2024-04-29 09:01:58,608279.88,5511842,466795,28681
230852,Direct,2024-03-22 08:59:59,201638.75,8541288,450481,5339
230853,Google Ads,2023-04-27 23:30:12,97113.03,4755201,384035,4990
230854,Google Ads,2025-05-15 03:26:53,174710.68,4809418,223759,7785
230855,Email,2025-02-18 08:28:22,968935.14,9578079,247589,19914
230856,Google Ads,2023-03-23 01:11:16,774783.32,3114758,25291,14776
230857,Meta,2024-06-11 21:20:25,160876.16,5043715,310439,17600
230858,Direct,2025-12-12 00:23:51,511042.93,4156686,239650,3513
230859,Direct,2023-03-11 09:22:10,567866.23,6828467,175641,15904
230860,Email,2023-07-01 21:48:00,354247.83,9411506,497338,25559
230861,Direct,2024-10-20 21:16:05,774474.1,8430358,68604,18359
230862,Email,2023-04-24 02:56:09,349719.88,8806272,109928,21519
230863,Affiliate,2023-07-05 19:29:59,748943.12,7784687,450958,26503
230864,OTA,2023-01-30 14:56:44,64839.42,82430,411579,5113
230865,Direct,2024-08-20 20:34:33,54858.88,9750448,408964,18425
230866,Affiliate,2023-05-23 01:54:24,870143.25,3718381,222112,25574
230867,Google Ads,2023-02-11 12:43:04,329197.79,6559037,359447,4004
230868,Google Ads,2023-03-14 17:07:28,178359.05,2339832,141204,11040
230869,Meta,2023-08-05 12:21:31,139605.94,3191496,312176,28593
230870,Affiliate,2025-08-16 08:27:25,204426.95,7442304,451998,11953
230871,Direct,2023-06-13 07:20:44,513287.39,9329451,59957,21870
230872,Google Ads,2024-09-26 15:01:46,560030.53,3469334,313700,3546
230873,OTA,2023-07-06 02:05:40,906882.46,2737378,251350,29425
230874,Direct,2023-04-04 11:15:36,96005.12,3209197,498375,20859
230875,Email,2024-02-02 14:42:13,309192.08,5008029,366167,8990
230876,OTA,2024-06-09 15:17:54,348315.42,6094388,239315,12775
230877,OTA,2023-05-29 22:51:03,60142.23,778527,423807,4643
230878,Meta,2023-01-13 03:06:57,571794.69,4399425,98803,3975
230879,Direct,2025-06-22 07:03:45,690085.39,9667522,266425,4506
230880,Google Ads,2023-09-04 20:53:14,173586.46,396711,165090,1827
230881,Email,2024-10-31 15:21:43,557693.78,4101965,68228,25287
230882,Affiliate,2024-12-23 22:36:42,821246.47,3257902,320900,26618
230883,Email,2024-03-31 13:35:04,803726.08,3269068,365807,26663
230884,Meta,2024-11-03 04:08:40,259475.13,6644836,92297,14868
230885,Google Ads,2025-05-05 18:16:32,720369.15,2343095,18326,23711
230886,Direct,2024-10-24 03:22:01,534343.99,5369343,60628,24519
230887,Direct,2025-02-22 19:11:54,13805.21,5515172,234799,20351
230888,Direct,2024-05-26 15:42:22,924825.15,2781531,351526,3716
230889,OTA,2025-04-21 05:01:49,311708.41,5594127,4285,11937
230890,OTA,2025-03-03 23:37:55,285676.37,1394983,400593,11076
230891,OTA,2024-05-08 10:01:19,821952.2,3265951,324992,11512
230892,Email,2023-09-22 07:38:29,398352.35,5312906,427974,29609
230893,Affiliate,2023-10-24 02:52:31,816749.54,4364509,188812,21052
230894,Google Ads,2024-10-11 10:37:24,252660.79,5640288,288404,16437
230895,Direct,2024-08-15 19:46:23,912794.08,1184403,483348,10372
230896,Affiliate,2025-08-29 18:06:14,692493.51,3033057,425168,16112
230897,Email,2024-07-12 04:29:19,508009.33,6876700,442323,3585
230898,Google Ads,2025-01-11 05:02:30,219047.7,4335583,423900,13618
230899,Affiliate,2023-07-10 17:55:48,225282.91,5572818,50797,9602
230900,Affiliate,2025-01-26 06:11:45,547262.49,4848149,97256,8584
230901,OTA,2024-03-30 21:29:37,500679.89,8781178,258448,5935
230902,Meta,2023-08-25 04:49:59,266957.92,6529864,303248,9199
230903,Google Ads,2025-08-27 05:02:07,365851.85,3630341,183535,2746
230904,Google Ads,2024-08-12 02:14:08,175417.61,3716549,136279,29420
230905,Direct,2024-12-24 04:26:23,283304.68,894114,137812,28179
230906,Meta,2025-10-05 07:41:38,76329.89,1401621,456379,27779
230907,Affiliate,2024-07-21 13:30:14,555612.4,9557797,416706,10087
230908,Direct,2023-09-01 23:57:35,924563.55,3954842,434665,13712
230909,OTA,2023-05-11 03:03:13,834251.81,661027,18412,11993
230910,OTA,2024-11-03 13:13:23,538090.84,8791332,316652,12451
230911,Direct,2023-08-30 17:23:01,981056.0,8786924,418561,19543
230912,Affiliate,2023-06-12 23:55:52,847789.41,2269503,229266,18041
230913,Affiliate,2025-11-02 13:31:00,276598.68,4303071,419662,28332
230914,Google Ads,2023-06-12 12:20:32,641772.63,4721649,40120,10570
230915,Affiliate,2023-10-29 19:19:51,187498.14,4621653,410165,8003
230916,Direct,2024-08-30 05:04:32,185774.37,4606654,348206,11121
230917,Direct,2024-01-12 23:46:30,337141.13,7772216,13085,19348
230918,OTA,2024-09-06 07:21:30,630240.59,5098120,396223,26262
230919,Direct,2025-08-01 02:09:23,465917.43,4541858,486175,23143
230920,Affiliate,2023-06-16 08:13:36,717343.47,9304733,462366,12615
230921,Direct,2025-01-18 08:45:36,511441.95,9980122,198227,18792
230922,Direct,2024-12-01 17:33:13,780155.08,5007969,301838,24220
230923,OTA,2023-07-29 13:02:27,147737.22,3749246,36092,23042
230924,Meta,2023-02-01 08:20:50,329281.38,6021018,447047,24894
230925,Google Ads,2024-04-22 23:32:29,180531.55,3985539,396048,6076
230926,Email,2025-02-03 01:13:29,24999.16,535706,435170,12452
230927,Direct,2024-08-27 06:29:39,727649.36,7052686,344046,22711
230928,Affiliate,2025-10-03 12:20:51,376190.27,8704459,54954,8667
230929,Affiliate,2025-02-06 04:15:45,816585.84,6161986,484445,9045
230930,Google Ads,2023-05-03 18:56:26,236586.63,5489215,85358,18570
230931,Meta,2025-05-15 20:28:54,463052.3,830973,209405,11179
230932,Email,2025-11-25 07:41:04,864087.55,181913,487223,9700
230933,Google Ads,2023-09-24 07:33:00,204821.73,6859494,269335,1625
230934,Affiliate,2024-03-09 12:06:13,956979.54,5813199,66230,3130
230935,OTA,2023-08-09 21:19:49,466308.4,8117342,127928,3898
230936,Email,2025-01-29 21:47:42,865236.13,5344293,195372,3088
230937,Meta,2025-08-09 03:10:09,896152.62,563613,247498,4219
230938,Email,2024-08-03 02:20:14,830804.05,1767012,102090,9447
230939,Affiliate,2023-09-03 07:54:51,332742.55,5237154,142051,14644
230940,Google Ads,2024-03-22 10:19:52,863043.67,5337199,199354,20992
230941,Affiliate,2023-05-14 19:02:14,641600.35,9622391,250675,25242
230942,OTA,2025-07-01 14:27:02,144386.92,7097540,177619,12496
230943,OTA,2025-08-07 00:14:36,591243.7,8246782,133492,18746
230944,Affiliate,2023-01-17 19:03:36,577994.89,1091448,149331,6407
230945,Email,2025-07-01 13:42:27,701886.69,8840193,285794,18979
230946,Direct,2024-06-18 13:26:19,129343.73,1232825,476821,28633
230947,Affiliate,2025-09-23 08:20:02,362630.46,3257900,479886,14325
230948,Email,2025-06-10 15:05:13,272685.81,7453995,378404,10756
230949,Direct,2024-11-03 11:52:17,653537.46,6555039,152547,27763
230950,Google Ads,2024-01-28 04:29:56,921402.87,2269920,28962,19549
230951,Meta,2025-11-05 14:12:19,280167.6,5413557,444735,25213
230952,Email,2023-05-08 12:57:22,124902.59,6529199,84895,24789
230953,Affiliate,2023-12-21 21:13:08,221440.41,9724958,311411,6800
230954,Google Ads,2023-06-08 13:29:50,604887.97,9292863,47145,4018
230955,Meta,2024-05-29 08:55:59,450708.24,8833022,251226,24158
230956,Email,2024-11-12 05:25:47,141689.06,2115681,79753,20648
230957,Meta,2024-12-14 09:45:32,752480.87,1512229,250612,28158
230958,Affiliate,2023-09-24 05:09:05,52330.42,8498997,15727,15301
230959,OTA,2023-08-08 05:20:13,141476.84,9869898,252909,20995
230960,Google Ads,2024-04-03 12:55:50,793947.74,2424159,56978,10351
230961,Direct,2025-12-10 03:18:38,567376.45,2400268,88024,14622
230962,Google Ads,2024-01-19 09:30:00,423805.48,7120992,314895,5224
230963,Email,2024-06-26 09:46:12,889590.55,5434914,182495,11631
230964,OTA,2025-06-05 00:36:20,348796.57,7096353,451187,3177
230965,Meta,2025-11-02 09:23:53,406947.27,8003618,61316,18920
230966,Meta,2024-01-18 21:36:24,52015.61,7749608,251105,500
230967,Direct,2025-06-08 10:59:18,656057.59,1800891,141312,6461
230968,OTA,2023-11-17 12:30:31,575172.29,6363360,268148,11031
230969,Google Ads,2025-01-01 06:09:35,996321.64,7611977,445608,10979
230970,Email,2025-04-27 03:30:55,987813.38,7735214,251496,29275
230971,Google Ads,2025-08-04 11:56:41,436915.59,4339395,121311,15134
230972,Email,2024-10-22 05:20:11,575961.08,8628320,250766,21673
230973,Google Ads,2024-08-02 07:09:27,353642.39,1703111,437425,17832
230974,Google Ads,2023-07-02 08:38:57,528407.11,7072867,328837,6402
230975,Email,2025-10-07 07:44:21,756527.87,9734991,56876,6829
230976,Google Ads,2024-07-07 21:33:51,680396.29,3873965,327116,3959
230977,OTA,2023-03-16 23:28:20,452612.98,1701102,371959,11350
230978,Meta,2023-02-25 22:23:58,309114.84,2463138,128061,1439
230979,Meta,2024-03-23 14:29:00,49472.86,882242,362857,23592
230980,OTA,2024-12-23 01:17:24,188564.3,7388579,21634,26882
230981,Direct,2025-09-05 23:06:27,64863.8,9965837,101852,13425
230982,Affiliate,2023-04-27 01:54:16,320812.97,3287882,262321,8855
230983,Direct,2023-07-16 02:51:02,634560.87,8267670,145630,12195
230984,OTA,2023-04-25 15:49:06,229696.24,3875081,439114,11009
230985,Meta,2025-03-30 22:26:07,128948.54,1381143,238974,28082
230986,OTA,2024-04-12 01:21:24,204107.71,9911102,167334,10936
230987,Affiliate,2024-06-14 18:32:41,858597.87,9769711,247256,20010
230988,Email,2023-06-02 13:39:47,387385.04,5157001,111404,123
230989,OTA,2025-05-03 05:05:05,670748.79,4920082,468622,962
230990,OTA,2024-12-07 17:20:43,290713.0,4452327,320142,15001
230991,OTA,2024-08-19 20:05:44,659226.47,7653155,20586,10145
230992,Direct,2025-09-15 15:19:38,505473.85,2055899,30325,13104
230993,OTA,2023-07-21 09:27:33,534536.03,8690858,423921,15475
230994,OTA,2025-11-22 01:37:17,527626.87,8366201,45511,1744
230995,Email,2024-11-26 05:16:34,579505.18,5619014,23445,21694
230996,Email,2024-05-16 12:31:10,754917.73,3824275,134226,4539
230997,Google Ads,2023-05-23 04:50:41,360989.09,3441646,56780,20067
230998,Google Ads,2023-04-04 21:09:50,951954.87,8995628,470128,26292
230999,Direct,2023-11-11 12:33:18,650489.96,3687269,198910,4124
231000,Email,2024-01-22 12:12:43,940909.4,7098218,257635,29605
231001,Meta,2025-04-19 13:27:07,290744.67,8788435,166502,28295
231002,OTA,2024-09-02 04:54:51,245584.92,1723972,209667,24981
231003,Meta,2023-11-22 14:39:21,285225.23,1276007,172093,25811
231004,OTA,2025-02-24 22:22:17,576165.48,6675332,146603,11238
231005,Email,2024-12-12 17:56:23,947441.51,4747930,49496,5670
231006,Affiliate,2024-05-27 07:00:58,707812.79,4570891,220221,18025
231007,Meta,2023-10-07 00:12:48,804105.86,5624346,281530,12696
231008,Email,2024-07-06 07:24:35,241863.03,765925,80629,27641
231009,OTA,2024-01-23 12:50:13,978605.26,4734885,151548,14610
231010,OTA,2024-10-23 23:08:22,168429.41,8089749,306243,29743
231011,OTA,2024-05-23 04:59:59,20553.63,8655272,164751,27384
231012,Email,2025-06-24 13:14:35,31625.79,1412888,431550,24313
231013,Google Ads,2023-10-29 06:10:30,971539.54,363114,112531,27227
231014,Affiliate,2025-05-12 20:46:43,156699.01,6186867,68611,16477
231015,Affiliate,2024-12-03 02:46:37,27944.72,3146062,93842,17967
231016,Google Ads,2025-06-03 05:24:54,288786.78,2239146,277018,29201
231017,OTA,2025-11-25 18:21:42,256454.81,7292454,327762,2770
231018,Direct,2025-03-11 22:42:29,291535.34,3160684,117845,15415
231019,OTA,2024-01-27 00:15:25,143768.59,9273723,471421,12799
231020,Email,2024-06-18 21:20:58,293805.07,8225686,440799,3583
231021,Direct,2025-04-03 19:13:18,362104.33,1795657,322146,17043
231022,Affiliate,2025-12-18 02:20:17,277690.86,5685380,273544,23300
231023,Google Ads,2025-09-24 17:20:54,331377.19,6014451,235666,20513
231024,Affiliate,2023-11-22 22:54:33,475129.01,1746251,218817,11153
231025,Meta,2025-12-11 20:23:15,332400.51,2226693,149851,7675
231026,Google Ads,2023-08-18 12:59:22,681823.39,3315897,310004,7773
231027,Meta,2023-07-18 13:46:06,686271.49,1657741,444153,8681
231028,Direct,2023-08-18 21:18:59,857297.24,2023610,162196,18916
231029,Google Ads,2024-07-19 00:18:45,311602.22,7597610,22150,12314
231030,OTA,2024-04-03 12:40:13,414440.17,506915,454418,22509
231031,Direct,2025-12-04 07:55:49,781662.63,5641786,234353,4732
231032,Direct,2024-10-02 23:45:42,809538.47,6478945,332645,16442
231033,Meta,2023-10-11 03:35:54,683242.53,8384861,242586,11709
231034,OTA,2024-07-31 03:13:55,266008.05,5738491,50988,17295
231035,Email,2023-08-07 00:27:54,646588.5,5014321,264379,28765
231036,Direct,2024-08-09 14:32:27,114274.7,5725530,173721,7940
231037,Email,2025-07-07 19:45:48,612069.36,3697117,286945,1565
231038,Meta,2024-07-23 19:19:45,849570.62,2696233,187154,2574
231039,Meta,2023-02-22 12:51:04,442575.43,1695383,128446,13934
231040,Meta,2023-12-08 11:43:53,199574.89,8991399,37241,28518
231041,OTA,2023-01-27 04:14:53,328688.78,2313190,382195,7681
231042,Meta,2024-07-12 04:45:18,310571.14,4223407,430630,1264
231043,Email,2024-02-04 12:25:15,532461.51,1367730,283246,19678
231044,Affiliate,2025-10-09 20:45:37,15822.91,4836953,302366,1111
231045,OTA,2023-01-09 20:30:35,174320.71,5869675,320262,29994
231046,Email,2025-03-15 00:44:18,183249.18,5644241,383729,14868
231047,Direct,2025-06-11 02:19:14,701728.18,2448904,178021,14397
231048,OTA,2025-08-18 21:37:54,471869.44,5995768,186991,1256
231049,Meta,2023-12-03 22:12:59,453960.68,3555903,217383,27732
231050,Direct,2024-12-20 23:21:49,442948.28,2133072,383033,21043
231051,Google Ads,2025-04-16 22:01:23,570224.69,9185651,343065,20356
231052,Email,2024-03-23 09:26:28,599185.15,6015957,152043,20842
231053,Affiliate,2023-03-02 06:37:23,148286.27,7547918,62938,18667
231054,Direct,2025-01-22 00:22:42,453901.98,2556178,436119,12042
231055,Email,2024-10-02 19:09:29,835814.71,6647710,173748,1084
231056,Direct,2025-02-03 03:39:29,459436.98,1212754,218615,11615
231057,Affiliate,2023-07-24 09:46:08,932425.8,6289977,58670,12817
231058,Affiliate,2024-02-08 07:39:35,938821.49,3744181,156616,29226
231059,Google Ads,2025-05-17 18:18:51,896097.08,3617076,7813,19012
231060,Direct,2023-04-14 08:43:42,671619.04,6599887,410855,29164
231061,Google Ads,2024-11-12 20:39:36,649339.1,7762153,470766,19616
231062,OTA,2025-07-19 18:43:01,476747.92,9460337,40345,1492
231063,Affiliate,2025-06-19 16:09:44,320699.33,439355,194741,29410
231064,Meta,2025-02-21 03:42:25,989741.74,6554557,479951,4213
231065,Email,2023-03-21 09:41:37,976559.4,6642571,140286,9324
231066,Google Ads,2025-12-21 16:53:01,723350.43,482950,91791,23705
231067,Meta,2025-08-01 01:36:21,126821.61,9483770,86937,264
231068,Meta,2023-11-15 14:09:25,79388.73,6823610,206427,1616
231069,Email,2024-12-08 11:22:23,193540.68,4923125,293659,9529
231070,Affiliate,2024-10-23 20:14:12,549571.86,499351,61213,13425
231071,Direct,2025-06-14 20:14:01,864598.52,389901,46718,10546
231072,Email,2024-03-23 02:02:42,311552.35,4427513,390512,27908
231073,Meta,2023-04-17 00:12:23,79050.02,5020239,249350,8096
231074,Direct,2024-12-28 18:22:13,895243.73,1645231,141707,25083
231075,Affiliate,2024-08-15 03:52:03,131699.94,4829082,464823,7934
231076,Email,2024-07-07 00:22:45,20333.89,6879338,26015,8085
231077,Google Ads,2023-06-30 17:20:21,821200.9,3689407,287644,11874
231078,Google Ads,2024-03-22 12:14:12,899283.76,1822236,67024,29733
231079,Direct,2025-08-20 07:51:17,844160.94,8995716,171204,23829
231080,Google Ads,2025-11-26 23:22:23,426038.75,5966491,1475,15199
231081,Meta,2024-09-07 14:08:22,18522.14,4550912,185464,4345
231082,OTA,2024-10-04 15:41:05,717880.3,6173481,339727,28913
231083,Meta,2023-10-15 20:11:22,714787.97,3250283,10148,18089
231084,Email,2025-07-05 07:41:15,161511.45,193884,328614,27774
231085,Google Ads,2025-08-02 03:15:29,741656.97,6583109,298888,14765
231086,OTA,2023-09-30 12:31:24,406506.98,6536925,246561,22362
231087,Affiliate,2024-04-28 13:59:50,474896.75,8112073,74456,3934
231088,Meta,2025-04-12 07:49:53,682109.52,4081621,221172,5492
231089,Affiliate,2024-07-11 01:22:00,467199.47,1163862,18402,18750
231090,Direct,2024-10-03 01:45:21,377813.01,2635559,50380,19089
231091,Direct,2024-02-22 18:49:44,6001.02,3905647,373713,11079
231092,OTA,2023-08-30 19:36:40,59159.72,104667,368834,15643
231093,Google Ads,2023-10-25 17:53:17,164290.83,911144,331720,21405
231094,Email,2023-05-09 19:34:45,724365.93,8887349,192066,28382
231095,OTA,2023-07-31 03:23:55,490839.5,8748605,217290,25958
231096,Direct,2024-09-08 21:50:17,397586.18,9425260,346436,18315
231097,Affiliate,2025-07-07 06:11:50,672953.54,5363870,36750,12542
231098,Direct,2023-02-24 07:36:14,571950.85,3270626,316487,17225
231099,Meta,2023-08-04 21:06:34,313517.79,6328109,383082,28384
231100,Meta,2023-05-06 01:26:58,739908.57,607409,101547,28584
231101,Google Ads,2025-11-20 18:24:31,764610.31,8174137,60089,12000
231102,Direct,2025-05-28 12:11:43,650468.14,581145,354784,18387
231103,Meta,2025-12-22 22:26:19,594566.61,5765374,405953,15426
231104,OTA,2024-05-25 02:38:59,880125.89,6434299,274959,27616
231105,Affiliate,2023-01-02 11:45:10,388136.81,1999251,384942,3267
231106,Email,2024-12-15 22:11:36,618889.0,1810118,237885,22582
231107,Email,2024-02-04 01:31:03,23950.63,1200065,461218,11080
231108,Direct,2025-09-02 02:06:41,320368.51,6879002,62983,855
231109,Meta,2023-02-24 10:12:45,282480.15,1319902,165339,24079
231110,Meta,2024-06-04 00:23:59,239839.42,8992179,52620,12150
231111,Email,2024-07-14 04:13:05,788573.69,1320778,207545,4096
231112,Direct,2023-01-01 04:07:52,973679.32,2693720,401875,17365
231113,Meta,2023-04-28 03:07:04,165870.8,4595523,492125,1665
231114,Meta,2025-12-12 15:10:12,315006.8,3388614,337143,4286
231115,Email,2025-02-10 22:36:24,730659.53,8884625,134839,26609
231116,Affiliate,2023-02-17 03:37:49,539649.57,4049073,131362,13931
231117,OTA,2025-10-30 06:45:59,79490.34,8089447,409667,24714
231118,Direct,2023-10-12 17:49:17,225647.09,2521573,495309,19970
231119,Meta,2025-05-14 16:29:35,158194.55,6510347,85775,21581
231120,Email,2025-07-18 06:03:00,37165.91,333508,400868,26002
231121,Affiliate,2023-09-21 12:39:21,797760.54,3769610,19143,6698
231122,OTA,2024-01-13 21:45:22,582074.22,6970743,434472,25283
231123,Google Ads,2023-02-04 05:14:38,709305.16,1676104,119878,23609
231124,Direct,2024-05-04 08:40:42,734796.54,1671967,476022,20346
231125,Google Ads,2025-02-03 21:44:49,167324.71,1154342,252622,25202
231126,Meta,2023-11-20 09:54:12,63919.56,5388792,388453,22687
231127,Affiliate,2025-09-21 08:09:00,109822.51,4425344,56039,764
231128,OTA,2024-04-07 00:51:02,642382.24,9391348,116463,11145
231129,Email,2023-01-03 16:24:17,727529.3,8120820,197402,20790
231130,OTA,2025-07-11 00:06:37,939836.16,4239010,419793,25390
231131,Email,2024-03-12 19:01:50,699094.34,6958504,204183,3651
231132,Affiliate,2025-06-14 07:18:37,329351.07,9228809,434585,27091
231133,Meta,2024-07-27 10:53:05,878204.91,2664063,239698,10775
231134,OTA,2024-06-13 14:18:05,37260.53,4649414,242809,12972
231135,OTA,2025-11-13 17:03:16,541114.09,9197285,379261,29772
231136,Email,2025-02-04 21:08:18,177340.39,443247,313104,10639
231137,Email,2025-07-15 15:07:32,914095.93,9154240,458784,29631
231138,Affiliate,2024-09-30 03:40:19,201678.68,2584046,98022,18608
231139,Direct,2024-04-30 03:39:19,323969.59,7629786,93876,25699
231140,Meta,2023-09-18 01:53:06,978609.28,3366346,202644,23640
231141,Meta,2025-01-26 06:37:30,186122.02,7131536,290912,7212
231142,Meta,2024-07-08 14:28:54,90747.3,5666814,16382,18529
231143,Affiliate,2024-09-23 00:51:14,268200.05,264569,356324,21823
231144,Email,2025-11-29 13:51:53,634234.49,6641992,66787,160
231145,Direct,2024-11-10 13:06:28,527536.6,1420659,426076,27329
231146,OTA,2025-06-03 11:07:19,371763.05,5088565,317290,27677
231147,Meta,2023-08-25 18:38:55,435100.06,5362754,446342,21175
231148,Affiliate,2025-07-29 07:43:14,168059.41,836848,217479,2148
231149,Meta,2024-02-17 13:08:54,789668.5,543286,463318,18554
231150,Direct,2023-02-18 15:34:34,479980.26,4698022,352754,9508
231151,Direct,2024-10-02 20:04:19,328462.34,5785756,126971,18496
231152,Email,2025-09-17 06:05:13,535569.26,3004073,341879,23625
231153,Google Ads,2025-02-13 03:41:52,646613.6,7168012,292098,18072
231154,Email,2025-04-16 11:39:04,537618.99,9093312,224373,26883
231155,Direct,2025-08-20 20:14:00,283893.9,8169678,21909,17615
231156,Direct,2023-03-14 04:17:12,234549.1,6740113,433694,23853
231157,OTA,2025-11-18 11:51:34,270988.22,609729,386618,10052
231158,Meta,2023-07-23 22:41:57,286063.53,9748651,247842,17726
231159,Email,2024-04-06 16:45:15,185585.84,98493,326449,12715
231160,Meta,2023-05-05 11:49:08,837900.76,626740,145076,15441
231161,Email,2024-05-06 17:53:05,112570.04,6660004,477116,4243
231162,OTA,2023-02-14 23:23:53,294163.74,5896200,140701,29448
231163,Google Ads,2024-07-21 03:44:04,709829.32,404669,384065,14137
231164,OTA,2024-03-29 06:18:10,168511.34,9140062,232868,4004
231165,Meta,2024-03-21 13:38:00,487932.85,4964926,293270,5741
231166,Affiliate,2025-12-29 16:17:51,369408.01,7416878,62158,28380
231167,Meta,2025-02-13 07:50:09,766446.82,7554379,490885,27232
231168,OTA,2025-03-26 04:30:34,993623.31,8436098,125931,9345
231169,Direct,2023-08-09 07:35:28,779600.16,3589372,253028,27938
231170,OTA,2023-04-02 10:00:29,280288.92,3559458,243017,9174
231171,Affiliate,2025-08-08 05:59:08,775230.48,4970737,280458,22997
231172,Email,2023-07-29 10:53:28,422412.68,1294105,204059,14718
231173,Affiliate,2024-04-17 22:20:15,235777.96,3676276,444766,11585
231174,Google Ads,2025-06-21 21:07:01,28781.1,2148673,270471,17886
231175,Google Ads,2025-05-25 21:38:55,17473.28,8193595,345984,5187
231176,Google Ads,2023-10-22 16:02:57,873894.51,3216545,371762,20040
231177,Direct,2023-04-14 07:28:37,351691.88,116154,362054,29448
231178,Email,2023-01-24 15:11:16,595570.03,8980756,291449,10865
231179,Affiliate,2023-05-14 09:53:10,528617.05,3230845,263910,20726
231180,Email,2024-05-05 20:02:05,967011.54,3175797,237781,4296
231181,Direct,2025-01-01 20:55:42,382640.8,658823,24871,4545
231182,Email,2023-07-14 21:49:50,773781.42,2533931,51373,15723
231183,OTA,2025-07-12 07:54:07,433543.59,7957970,433063,22785
231184,Email,2023-04-22 09:10:04,266386.3,2543632,253724,19525
231185,Meta,2024-05-25 03:10:28,187252.48,5727292,263096,9085
231186,Email,2023-10-12 09:51:19,111175.2,2098130,474862,4887
231187,Email,2025-11-07 20:07:39,520520.07,8352389,300359,7283
231188,Email,2023-06-27 13:10:50,787040.92,1784142,411241,24422
231189,Affiliate,2025-10-24 19:19:01,581310.08,3836283,41144,23252
231190,Affiliate,2024-07-22 09:03:24,376771.05,6208375,447235,18778
231191,Affiliate,2025-11-07 19:03:54,453826.46,3226567,111048,3964
231192,Google Ads,2025-01-25 05:46:43,541428.35,4851480,300941,6809
231193,OTA,2025-08-21 17:34:16,186909.64,8894096,419324,13475
231194,Google Ads,2023-07-01 20:37:52,813868.68,8606498,14374,10311
231195,Google Ads,2024-01-23 00:47:50,798035.73,1408619,37277,27089
231196,Google Ads,2023-06-23 08:58:42,190152.42,571253,98570,11170
231197,Meta,2025-11-16 00:50:14,466482.53,3040761,90795,537
231198,Google Ads,2024-06-10 21:17:11,937522.3,1922832,204432,1033
231199,Affiliate,2024-02-03 00:58:52,402393.16,9431123,410749,3481
231200,Meta,2024-11-15 01:08:33,251218.28,2047954,362942,29276
231201,Affiliate,2025-06-28 22:42:12,780965.17,1314304,217465,9598
231202,Email,2025-08-07 20:24:59,450495.5,4401568,203875,14003
231203,Google Ads,2025-07-12 19:33:02,172588.18,1418492,320661,29323
231204,Meta,2025-08-09 14:45:49,425598.26,2997296,232990,9656
231205,Email,2023-01-07 16:41:20,187883.54,967044,355987,22215
231206,Affiliate,2025-03-07 04:41:17,520893.35,7838464,186532,18752
231207,Affiliate,2023-06-22 07:48:19,567046.12,4301118,225564,17520
231208,Affiliate,2025-12-09 17:29:55,411391.26,7096511,484236,3061
231209,Meta,2023-04-09 22:22:40,704342.01,3890822,295176,28107
231210,Affiliate,2024-01-15 10:25:42,225366.9,6285031,355883,24602
231211,Direct,2024-01-24 15:57:33,644861.25,2281545,27274,20251
231212,OTA,2024-10-17 14:00:27,941328.72,4139618,499564,12157
231213,OTA,2024-12-16 04:48:25,584406.49,8385878,72699,4909
231214,Affiliate,2024-07-04 02:49:25,520539.53,4385090,384756,19817
231215,Affiliate,2023-01-10 21:09:10,710105.92,9552566,98773,9440
231216,Affiliate,2023-01-14 05:30:19,319417.69,8057472,372738,18807
231217,Affiliate,2024-01-23 23:30:41,467169.36,6425836,414201,24273
231218,Meta,2023-12-09 01:39:39,908431.23,9088167,384073,15765
231219,Direct,2023-04-16 10:18:07,731616.24,7828573,427169,12142
231220,Email,2025-04-08 13:38:58,909032.91,2310426,381960,17452
231221,Direct,2024-07-21 09:05:57,44086.64,8268397,93822,24387
231222,Meta,2025-05-22 23:50:35,488755.9,6493366,49528,26442
231223,Google Ads,2024-08-16 05:40:04,300104.46,7753542,418141,26662
231224,Google Ads,2024-06-02 13:37:06,664639.75,498720,98806,19154
231225,Direct,2025-02-22 08:47:31,334143.01,2578310,17756,18039
231226,Affiliate,2024-08-02 15:11:10,633590.5,8367983,15333,6860
231227,Direct,2023-09-08 13:06:48,840441.54,8698360,446734,6123
231228,OTA,2024-07-21 07:12:43,384747.96,6228055,228820,26409
231229,Meta,2023-06-13 07:49:01,355787.27,8257550,184346,28947
231230,Affiliate,2024-10-27 11:29:38,553218.72,8337504,107719,7352
231231,Google Ads,2023-04-30 12:34:34,765645.64,7292633,133905,6261
231232,Direct,2023-02-01 14:26:51,587202.24,6690120,239320,29678
231233,OTA,2023-12-29 07:00:50,902380.04,8714888,319009,28372
231234,Affiliate,2023-04-29 12:24:50,971096.84,3409166,76201,21458
231235,Affiliate,2025-02-03 03:27:30,916616.78,144767,234499,16472
231236,Email,2023-01-21 07:01:09,819390.45,2258819,31721,19376
231237,Email,2023-03-02 23:45:09,52690.49,3779541,274895,8490
231238,Email,2024-08-17 00:07:31,813633.02,4066856,107100,17023
231239,Direct,2024-05-05 08:49:20,973159.39,6252963,425171,15482
231240,OTA,2023-07-25 17:24:57,256456.45,5410043,464384,7134
231241,Meta,2024-12-12 16:47:44,869916.45,8618930,162616,7425
231242,Meta,2024-12-08 19:56:30,435868.14,71268,170467,19044
231243,Meta,2025-01-02 16:41:36,138114.93,297439,163546,22885
231244,Google Ads,2024-01-01 20:11:38,904394.32,3961223,410706,15588
231245,Affiliate,2024-05-11 04:44:49,561428.94,1474393,404927,14468
231246,Affiliate,2023-08-19 12:24:13,327078.72,9390994,314482,19567
231247,Meta,2023-06-19 14:20:23,58476.89,2174435,195345,15893
231248,Google Ads,2023-07-05 16:10:00,212271.75,7867344,54411,18736
231249,Meta,2025-05-17 07:33:53,5123.24,4943672,467088,11916
231250,OTA,2024-02-25 06:58:13,587795.6,6544139,278632,15187
231251,OTA,2025-10-15 06:19:32,970605.29,808322,112357,15848
231252,Direct,2023-01-16 23:53:31,828911.92,5413202,140523,5282
231253,Affiliate,2024-02-18 06:45:54,482326.7,7614852,190446,28872
231254,Direct,2025-07-13 09:09:53,253518.61,3570166,475643,21697
231255,Direct,2024-11-24 09:02:27,39087.41,2152362,208652,3985
231256,Meta,2023-05-22 02:57:34,336108.65,8207989,455675,13981
231257,Affiliate,2025-03-17 12:51:58,710382.53,4386061,322406,29361
231258,Affiliate,2024-12-31 18:24:26,21831.06,660173,214638,24300
231259,OTA,2024-12-09 23:53:58,627533.94,3337941,387665,14359
231260,Email,2023-03-28 20:55:24,44409.09,8547801,53577,27716
231261,Direct,2025-10-15 21:59:38,362020.6,437458,435859,15238
231262,OTA,2023-06-08 20:25:27,601008.46,2204142,110494,13851
231263,Meta,2023-04-05 04:41:46,692608.67,7312226,267467,21597
231264,Meta,2024-05-21 17:36:53,631132.54,4742937,44091,26718
231265,Google Ads,2024-11-07 15:09:40,543498.84,5073694,144599,22102
231266,Direct,2024-11-23 21:32:02,404648.87,8293479,40211,1050
231267,Email,2023-10-14 03:16:35,454701.46,1783182,220238,29363
231268,Google Ads,2024-12-23 22:27:58,717070.82,7818607,257915,27644
231269,Affiliate,2023-01-21 07:54:37,43672.09,3510602,460220,14336
231270,OTA,2023-01-20 23:55:12,346465.29,629646,308151,9263
231271,Affiliate,2025-07-27 21:26:58,499112.64,2085392,486219,9776
231272,OTA,2025-07-09 18:07:45,689481.55,5559164,286862,21647
231273,Meta,2024-05-05 11:39:50,95030.25,6504183,477919,17035
231274,OTA,2024-01-21 02:06:35,398294.12,6345479,394523,9380
231275,Google Ads,2023-08-03 15:57:04,580173.58,9061567,254373,18319
231276,Meta,2024-05-05 20:33:45,313020.64,1332609,400848,14857
231277,Direct,2023-10-05 05:19:41,494828.83,2935118,454999,3681
231278,Meta,2024-05-03 13:00:24,431511.6,2457441,238134,13293
231279,OTA,2025-05-23 03:40:16,481391.02,7473725,91415,14225
231280,OTA,2023-06-20 23:58:46,285192.63,5092476,385771,23242
231281,OTA,2023-09-11 05:45:17,356702.12,2379734,379509,7311
231282,Email,2023-12-20 11:16:55,629122.18,8774323,7785,11820
231283,Email,2024-02-10 09:18:42,116484.53,9218355,198944,29343
231284,Direct,2025-08-26 11:15:56,766213.78,2869557,497811,27163
231285,Google Ads,2024-01-20 12:35:49,13837.54,4339350,91994,10876
231286,Affiliate,2025-10-31 04:37:35,479158.17,3375787,77191,11749
231287,Direct,2023-08-26 15:34:00,58483.94,2420099,391673,15002
231288,Email,2024-08-12 18:13:59,685099.8,9684709,427833,9485
231289,Direct,2024-03-22 11:53:02,208674.04,3094159,34756,5017
231290,Direct,2023-02-07 06:12:34,192083.15,6107687,488901,6588
231291,Affiliate,2025-05-01 03:03:59,62012.19,7563357,342836,5067
231292,OTA,2025-12-30 08:20:18,332409.32,3143810,133677,21323
231293,Direct,2024-07-19 23:45:55,819504.6,5146362,186228,19128
231294,Affiliate,2023-01-15 18:21:30,851463.11,3674180,202049,11072
231295,Google Ads,2024-09-08 11:29:04,994873.35,8377191,275271,1804
231296,Email,2023-05-23 04:16:59,916318.76,1354622,12844,8079
231297,Direct,2024-10-31 10:13:28,486190.18,4059293,6100,15589
231298,Affiliate,2024-10-04 18:44:25,871669.01,7215489,112232,11493
231299,Google Ads,2023-02-25 03:34:08,618483.89,1094848,288038,11169
231300,Direct,2025-06-11 19:42:02,692305.66,6503674,164385,1084
231301,Email,2024-09-29 12:21:20,531157.93,4111883,108622,27294
231302,Meta,2023-09-17 11:18:56,466704.3,941796,262377,927
231303,Email,2023-05-09 12:53:25,160393.87,6605120,45636,2134
231304,Affiliate,2024-02-21 16:36:09,454753.85,5679284,438347,28932
231305,OTA,2024-08-20 03:13:19,880575.38,8909115,468105,6739
231306,Affiliate,2024-08-02 17:09:46,679945.29,8734490,215376,19712
231307,Direct,2023-02-23 21:32:23,180698.25,4695622,392983,14836
231308,Direct,2025-09-19 22:37:58,620192.74,9055334,227310,9387
231309,Google Ads,2025-03-12 00:15:52,622173.73,7099714,215931,761
231310,Affiliate,2025-12-10 12:22:30,732967.91,2766760,263874,26101
231311,Meta,2023-12-04 08:06:52,339658.98,1113367,247265,18758
231312,Affiliate,2024-11-12 06:28:51,44230.09,9402034,74315,2334
231313,Affiliate,2024-03-04 16:07:51,303838.78,8831870,111559,21455
231314,OTA,2024-05-24 21:13:15,696857.71,610119,439593,20449
231315,Google Ads,2025-04-15 13:43:55,798767.44,3009529,70050,19079
231316,Direct,2024-04-28 06:20:25,584530.02,1997979,178372,28738
231317,Google Ads,2025-10-14 00:53:33,899165.19,2709618,305934,20812
231318,Affiliate,2025-06-20 23:42:12,148409.58,5160539,490285,25493
231319,OTA,2023-01-15 08:58:33,203477.34,6165418,404223,21464
231320,Google Ads,2024-05-03 19:24:52,922803.35,5295658,217807,17958
231321,OTA,2024-10-03 17:07:34,151404.19,1947275,181692,19083
231322,Direct,2025-04-05 12:10:07,339468.9,7004058,347554,9847
231323,Google Ads,2024-06-09 23:29:19,423717.1,3204806,67948,11051
231324,Affiliate,2025-04-19 03:27:00,527597.35,6308899,98812,6446
231325,Affiliate,2024-07-18 04:01:42,691045.68,8040800,475514,16346
231326,Affiliate,2025-12-25 00:52:21,791417.16,4876026,177229,25173
231327,Meta,2025-11-11 01:29:38,867510.66,8970834,221209,8482
231328,OTA,2024-01-14 20:46:09,241004.85,3578782,402256,21381
231329,Direct,2023-05-31 02:40:55,861751.18,5747215,13368,25134
231330,Affiliate,2024-10-01 22:46:02,643287.69,6807973,452051,21973
231331,Affiliate,2023-05-26 20:45:23,794479.37,9700227,51091,25052
231332,Google Ads,2024-09-13 01:39:17,920140.02,9520030,325767,3825
231333,Direct,2024-06-27 23:19:59,132520.78,5551515,260987,12188
231334,Google Ads,2024-11-19 17:34:03,74213.44,5336758,446821,126
231335,Google Ads,2023-04-08 17:18:23,98322.94,7643284,277625,14174
231336,Affiliate,2023-02-22 17:49:04,727133.06,5766462,364261,16947
231337,Direct,2025-02-23 01:47:11,444941.37,1320017,331275,11885
231338,Google Ads,2024-04-07 04:55:22,773953.72,6225113,313598,15755
231339,Meta,2024-05-28 15:41:15,996744.56,7970313,18174,13619
231340,Affiliate,2024-01-27 16:13:20,488309.38,2657058,137873,13921
231341,Affiliate,2025-03-07 06:24:02,388489.28,6854179,115573,12100
231342,Affiliate,2025-02-21 13:03:39,65732.46,8914981,387176,7476
231343,Direct,2023-11-18 02:05:36,697347.02,4147938,198625,13884
231344,OTA,2024-06-08 22:06:17,472577.61,3853954,23917,3750
231345,Meta,2025-05-20 09:35:03,699319.04,7036910,368371,2062
231346,Email,2025-01-14 15:10:04,804820.35,9466031,66796,19550
231347,Affiliate,2025-03-27 00:05:20,33506.07,2829673,93230,14891
231348,OTA,2025-09-18 02:27:35,467751.76,1727647,367831,28077
231349,Google Ads,2024-06-04 07:09:36,460560.07,1163628,472341,16469
231350,Meta,2023-05-29 17:13:57,959668.33,6938989,467774,16326
231351,Email,2023-06-18 19:30:46,570594.31,3092431,435004,19745
231352,Direct,2024-03-01 15:43:00,545059.66,1914949,301084,28253
231353,Affiliate,2024-07-28 14:49:05,902058.34,1621078,346246,1749
231354,Affiliate,2025-03-20 16:59:16,203633.77,1450462,357762,9567
231355,Affiliate,2023-11-13 06:30:38,388341.83,7657032,433790,7877
231356,Meta,2024-03-31 16:22:21,764789.23,8507849,188216,16044
231357,Email,2023-11-23 18:35:44,938216.64,3019537,450092,1829
231358,OTA,2025-03-06 00:43:39,280393.18,3878895,214843,4347
231359,Google Ads,2023-06-09 03:33:05,69838.97,6308800,485571,1988
231360,OTA,2023-01-12 14:14:08,331047.22,4605238,334488,5263
231361,OTA,2023-07-11 16:05:01,362547.65,4174225,333229,27331
231362,Meta,2025-02-21 21:05:56,293895.06,3293444,401309,5818
231363,Direct,2024-03-25 15:53:27,334497.98,2356700,343681,16491
231364,Direct,2023-09-08 21:18:58,914588.48,6757025,76606,8315
231365,Email,2023-08-16 22:43:06,812904.97,4878529,369078,13491
231366,OTA,2023-09-13 11:30:52,146504.95,3501354,373610,23854
231367,Direct,2024-10-23 14:46:56,194934.89,425171,273543,13669
231368,Email,2023-10-14 09:20:34,531877.13,7053635,489633,5407
231369,Google Ads,2023-07-30 19:09:09,942922.3,4578664,404759,29844
231370,Meta,2023-07-05 23:54:21,559366.02,7862438,468249,24122
231371,Meta,2024-04-30 22:56:38,421371.74,4345598,97391,1060
231372,Google Ads,2023-09-12 11:07:16,549345.21,639697,416598,25014
231373,Affiliate,2025-09-05 15:49:02,270179.08,8250030,494697,14992
231374,Email,2024-10-05 04:08:40,858151.45,1177861,108914,23167
231375,Google Ads,2023-10-17 23:35:59,483749.66,574010,462931,11756
231376,Google Ads,2024-06-14 08:35:15,358005.22,2481027,348669,9909
231377,Direct,2023-09-06 11:03:53,711611.92,9558471,373230,14452
231378,Email,2023-02-08 01:40:14,681588.94,5459014,52840,23468
231379,Google Ads,2023-06-06 19:16:02,769561.68,7594166,105925,10750
231380,Direct,2025-09-12 12:55:53,70231.78,9517647,458037,2452
231381,Email,2024-07-22 16:30:36,650733.53,9001017,454938,6433
231382,Email,2024-05-09 16:09:10,116294.43,8027177,55836,23784
231383,Google Ads,2023-01-31 00:01:26,699425.77,6240042,292779,16383
231384,Email,2023-04-28 03:17:32,740742.76,6812913,390554,11912
231385,Direct,2025-08-23 12:20:04,678242.04,4624410,403110,12071
231386,Direct,2024-11-22 11:32:58,959821.33,8862527,276125,18351
231387,OTA,2023-05-30 15:41:15,455816.08,9694129,387852,3053
231388,Affiliate,2025-05-15 07:03:34,443876.01,2112956,240648,19689
231389,Direct,2024-07-19 15:46:33,166617.11,5747481,354319,1316
231390,Google Ads,2023-06-06 07:39:14,428955.63,9447772,129171,29185
231391,OTA,2024-09-15 11:54:21,638150.93,8755228,31687,18365
231392,Direct,2025-03-11 19:28:18,659798.54,2990979,410880,8043
231393,Meta,2023-12-14 01:27:34,527051.24,2981815,418796,24864
231394,Google Ads,2024-10-10 04:18:42,473374.04,5479752,163260,26115
231395,OTA,2024-10-22 14:34:16,573959.83,630184,484147,28429
231396,Meta,2023-06-05 09:09:56,422542.38,2355184,344838,13398
231397,Direct,2024-01-19 13:33:15,348792.99,9615108,156363,12562
231398,Direct,2025-04-27 19:31:20,844286.16,4751593,101707,29069
231399,Meta,2025-11-19 17:43:25,931099.63,6246611,470676,24790
231400,Google Ads,2024-07-23 23:03:00,665732.85,9738877,61573,25295
231401,Email,2024-09-04 13:47:05,218059.23,8630628,382251,1133
231402,Email,2023-04-19 22:21:39,148872.64,4620172,194822,6596
231403,Direct,2023-09-19 22:42:30,174095.86,1640722,220438,21785
231404,Affiliate,2023-10-29 12:38:40,420509.14,6482998,161408,20732
231405,Email,2024-04-22 00:21:19,122884.83,3968462,11152,1341
231406,Email,2024-02-24 18:19:37,313486.65,6498880,41124,3384
231407,Meta,2024-07-22 15:29:56,506392.92,9207648,130989,1259
231408,OTA,2023-04-09 02:42:02,772243.03,7389327,136013,11302
231409,OTA,2025-01-29 22:17:57,277248.09,4549259,160332,18271
231410,Affiliate,2024-12-15 14:34:44,997463.45,4814662,45835,29848
231411,Direct,2025-03-09 17:06:58,787704.05,9979287,144971,28721
231412,Google Ads,2024-10-25 20:37:06,821003.11,5614461,130960,26679
231413,Google Ads,2023-01-04 10:25:57,9584.55,3400616,165473,9906
231414,Direct,2023-01-24 02:11:12,720309.09,8265221,166248,8229
231415,Affiliate,2025-07-01 03:23:42,362299.04,1027470,210552,24685
231416,Affiliate,2025-07-12 12:36:49,744615.78,3210306,427456,28802
231417,Direct,2025-01-19 07:18:32,363782.53,7227407,397532,8489
231418,OTA,2025-11-06 16:46:05,184320.86,5163516,153627,13500
231419,Google Ads,2023-11-06 08:27:26,568261.36,9356228,202034,28673
231420,Affiliate,2025-09-24 08:15:54,492284.74,4618767,85771,16119
231421,OTA,2023-10-09 05:25:25,846181.42,9345704,180860,20748
231422,Meta,2024-06-21 06:29:01,668073.54,4062047,118737,5675
231423,Affiliate,2025-07-18 00:10:14,394953.7,8463181,489148,23930
231424,Meta,2025-04-01 11:46:11,375171.46,4435420,98167,10746
231425,OTA,2025-03-04 07:45:57,663191.22,4090975,392819,23291
231426,Email,2025-11-11 18:56:11,829123.19,3885905,403112,19558
231427,Meta,2024-03-16 15:57:59,357837.71,437025,216899,1148
231428,Meta,2025-11-08 12:47:37,874788.68,2349908,78061,8395
231429,Email,2025-06-30 23:13:15,606380.39,2719942,390494,26917
231430,Affiliate,2023-12-21 01:08:10,903424.0,4340033,127932,23560
231431,Affiliate,2023-03-24 06:12:28,166190.38,4643314,433045,5512
231432,OTA,2023-04-15 08:46:13,998910.02,2787316,47518,21747
231433,Affiliate,2025-03-27 01:14:59,855425.96,141417,206976,17879
231434,Email,2025-02-05 07:29:26,593883.78,2723856,225744,24437
231435,Google Ads,2024-11-15 13:39:38,833926.47,3244926,243594,23101
231436,Direct,2024-08-08 03:34:43,872684.32,7435946,404367,27057
231437,Google Ads,2024-01-14 17:08:45,799101.26,4683212,232475,2408
231438,Google Ads,2025-10-14 13:05:47,473305.65,9265937,468236,15400
231439,Affiliate,2023-07-07 00:49:26,764203.47,86774,88825,13715
231440,Google Ads,2024-06-23 04:35:51,369844.26,547837,101970,24147
231441,Affiliate,2024-06-10 12:59:01,463266.19,7186436,15523,10722
231442,Email,2025-11-22 19:59:26,88433.99,536380,94244,29622
231443,Direct,2024-11-10 05:50:50,99356.06,8979491,63238,6211
231444,OTA,2025-02-13 09:01:26,364621.47,8640492,176570,27757
231445,Meta,2025-09-29 00:18:55,941773.29,8586819,449456,7307
231446,Direct,2025-06-26 17:27:09,581416.01,5363244,421673,6070
231447,Affiliate,2023-08-22 19:58:18,230451.49,5575137,330577,27687
231448,OTA,2023-03-06 20:45:49,717496.07,2717493,432998,27749
231449,Google Ads,2024-05-06 05:17:54,129107.51,2301925,91176,2048
231450,Google Ads,2025-10-24 04:01:03,558330.4,1853910,247046,28737
231451,Meta,2024-05-05 06:02:40,904402.27,5585651,13553,15067
231452,OTA,2025-01-08 22:20:52,102647.71,7318264,345079,11535
231453,Meta,2025-02-05 13:09:12,826918.75,353488,460979,29561
231454,Direct,2025-12-25 04:35:16,769465.62,9858138,212591,8991
231455,Meta,2025-05-01 08:49:20,337285.92,7975025,428076,14129
231456,Direct,2024-07-19 20:58:58,997692.69,4017437,291230,9087
231457,Google Ads,2023-09-12 18:37:07,140894.82,7979101,401096,3766
231458,Google Ads,2025-10-18 11:44:49,245712.67,327535,20851,23744
231459,Meta,2024-10-14 22:10:44,446361.42,2709801,321326,11096
231460,Direct,2024-03-12 06:33:07,38958.61,3555332,308332,26554
231461,Affiliate,2025-03-12 00:04:22,379432.26,1539405,100374,8625
231462,Affiliate,2023-04-17 03:22:34,71774.19,8487944,331591,24684
231463,OTA,2024-11-21 08:48:33,687289.46,1564301,455764,22104
231464,Google Ads,2024-12-04 23:17:38,648364.07,6438877,170532,13393
231465,Direct,2024-04-12 15:02:51,750535.94,957716,336151,21421
231466,Google Ads,2025-10-12 13:40:33,877781.2,1329319,342679,2212
231467,OTA,2023-04-10 03:48:16,892277.72,8724801,38935,22926
231468,Affiliate,2023-06-23 00:18:35,745633.93,1863267,361563,3551
231469,Email,2024-05-13 08:40:02,690069.88,8748005,310460,1001
231470,Direct,2025-04-06 15:29:46,955100.49,880363,487461,24049
231471,OTA,2024-12-14 13:54:57,43865.1,3948913,246401,15506
231472,Email,2024-03-01 06:09:21,28741.24,5977939,463859,21891
231473,Direct,2025-02-27 00:11:13,873742.82,3401683,202989,23946
231474,Meta,2025-03-13 21:30:42,891763.0,1834055,62637,15336
231475,Meta,2024-10-13 06:32:18,877603.1,7136050,236926,4137
231476,Meta,2025-02-08 15:17:20,749545.53,6663820,221854,22013
231477,Affiliate,2024-06-13 08:37:46,775484.31,8836092,445035,6573
231478,Affiliate,2024-01-28 19:21:38,406487.64,824444,471054,28436
231479,Direct,2025-04-12 09:32:03,749429.8,96177,187591,22565
231480,Google Ads,2023-11-06 21:27:34,417652.99,9478079,446300,10360
231481,Direct,2024-08-05 00:13:05,813087.69,2634549,26871,7695
231482,Affiliate,2025-10-11 05:36:17,299316.09,6823319,5731,7132
231483,Google Ads,2023-06-08 02:03:49,825071.78,3595681,50162,626
231484,Direct,2025-06-18 16:19:45,893234.7,919737,384883,11959
231485,Google Ads,2025-08-13 09:35:12,10541.38,220341,354300,19731
231486,Meta,2024-05-14 06:32:14,325612.87,5209564,265481,22969
231487,Google Ads,2023-02-21 20:16:59,948381.33,6807894,487036,27952
231488,Direct,2024-09-09 16:02:02,656158.25,4330807,495626,22537
231489,OTA,2025-08-25 04:36:08,44074.64,6126894,454388,19250
231490,OTA,2024-12-11 13:09:08,957133.95,2411206,141562,29118
231491,Meta,2024-09-14 22:19:41,80775.83,4800231,26583,12998
231492,OTA,2025-08-11 19:42:24,829085.55,7636561,45018,20055
231493,Email,2023-11-21 11:12:37,704217.5,6411100,112449,10032
231494,OTA,2024-06-09 07:08:34,944250.96,5271289,75360,20860
231495,OTA,2025-01-06 21:11:15,491641.37,409606,149174,29676
231496,Affiliate,2023-09-28 06:35:57,363519.99,7344570,483812,16459
231497,Affiliate,2025-01-01 00:47:45,33232.55,9204616,425815,3894
231498,Email,2025-04-05 18:09:05,7013.65,2140409,424248,12768
231499,OTA,2024-01-13 03:34:47,241768.66,1707348,123638,28084
231500,Direct,2023-09-23 02:01:37,244415.44,4180854,180665,11241
